"mrun_1","mrun_2"
16201,26553657
19242,26523232
22766,27622447
23744,9852438
24374,20598438
31028,26998208
37295,26216049
40525,25567163
40525,25675935
40525,26194416
40525,26724017
46693,12297260
46693,14972632
46693,22545960
47295,5684215
55395,25653234
83515,25381510
91337,25683383
94469,13457768
95257,26409800
100066,26022831
102612,9179801
102612,26793398
117286,8516100
117286,26001564
117286,26171410
126973,15670638
135261,25725477
151387,25770150
151387,26028080
156035,27509202
162182,26579257
164304,12570459
172271,2750082
178791,18349510
194927,1721188
194927,25887375
197397,7849354
201927,26351057
207172,11118855
218933,27050887
219583,13159888
223072,21561757
227555,27106004
228653,26514052
234817,26856354
240141,4137533
240141,25650446
260764,12643866
264557,26777975
277708,18693801
277708,26509281
280840,27623672
285535,22437937
285535,26628015
293852,21499027
298174,26002678
311487,7942927
312296,19779395
316372,15354161
320349,5894428
354198,1648792
361508,15040600
367585,22262154
370447,27171862
371590,26998251
399241,26372540
403214,14374634
405211,26042802
417567,26389769
438350,1908000
448181,22209591
460858,25543070
464292,26183674
464542,26172876
469495,23962839
484263,23038958
485698,1266333
487579,963024
503064,14913967
508470,18391625
515613,27632168
515799,11630469
520483,25651170
526817,9199081
529556,20201677
546992,11607307
548531,5655918
548531,26700845
549587,27035024
549587,27047855
564680,12209903
565295,18993369
570949,26404044
593029,24788306
602001,26201905
608677,3360813
614653,5504193
615386,26390661
615391,25286768
616264,15538275
618985,25413964
622227,6980834
624633,26687265
638628,26446094
652362,22135952
658102,25957030
661393,26195293
664506,7937031
664506,11221904
664506,26837370
664656,26203238
672435,11800650
679357,26691978
689357,25728838
697014,25655206
701637,26322664
709490,26204881
719758,26534294
726710,26860156
735754,26772698
742678,25696214
748462,16358149
751919,25692526
751919,27632163
756404,13649366
756751,26578711
766119,27163103
772558,26752423
776182,13204704
776969,26250660
786332,14233169
812239,15597377
817045,17243689
828755,12274675
839969,20390734
839969,26989878
846894,21064381
846894,26432462
846894,26701833
846924,20148061
857897,26768918
858186,18228454
858186,25667391
871180,3267133
872112,26212333
906625,25683561
907355,18144711
911147,23077161
935526,11966798
938688,27486356
944556,25436039
949979,9839929
961808,25528378
964106,26094084
987364,23625659
994528,26592268
1002478,25527420
1002478,26182693
1010093,26896263
1012120,27625805
1025721,26227776
1039287,25931015
1039847,23753894
1043882,24797230
1046691,25536600
1046691,26679781
1059661,616264
1059661,15538275
1067349,26608200
1073070,26416161
1079772,25385569
1081171,5638726
1081839,11551712
1081839,23185062
1087616,19709352
1090101,5897544
1098003,751919
1098003,25692526
1098003,27632163
1112822,25720364
1112822,27013350
1123204,22948303
1124655,26858636
1142607,26747924
1153755,26627492
1169514,26201758
1170217,25193743
1181775,11619682
1184231,10182232
1185202,26090531
1192004,26314379
1202004,25531560
1207230,8234115
1212164,27046155
1227670,19493461
1227670,26019886
1253913,2072055
1266953,9031568
1267350,27044057
1279802,11057626
1289357,25423331
1301377,25382743
1307384,26346899
1309217,27024249
1319993,3982380
1319993,26407855
1325100,20770622
1325945,22643320
1332087,25671322
1332087,25677727
1342698,25647743
1360220,27205405
1365485,26210130
1370914,10520985
1372911,16175422
1372911,24644450
1379979,25995572
1386998,17069860
1401960,944556
1401960,25436039
1407740,25660965
1424677,26783430
1426191,11275906
1445566,26574004
1447867,26765753
1452700,26418866
1489120,9941461
1494430,25941064
1498112,1206696
1502908,27192874
1505807,25694824
1507811,26847591
1517806,26213413
1530885,25398581
1536190,25227123
1549359,25416530
1551967,9829561
1551967,12499943
1573092,26430400
1579122,16349818
1586882,15490125
1587676,20906756
1603949,19348170
1607511,6349135
1607511,25376496
1607511,26031577
1613985,24425321
1623932,16382657
1643949,27045238
1644843,21540250
1646185,25954966
1652600,25945699
1653721,8352702
1658207,26402486
1667718,12877925
1667718,25586377
1699854,26212213
1700909,26557927
1706013,26843058
1706992,26411177
1719132,27016193
1735001,26004434
1740931,25687225
1741645,3009552
1741645,3273682
1746204,1424677
1746204,26783430
1752631,21946229
1761427,27626646
1762434,27376664
1772617,20803386
1789960,11430845
1799339,4137533
1799339,22814468
1799339,25650446
1805710,20962317
1809347,26209931
1838561,26219121
1839509,26350994
1840683,27034087
1841796,26509728
1843092,25261646
1851055,27384931
1857586,4082378
1862177,25381390
1862177,25773300
1862177,26724843
1875753,22038945
1877922,26752827
1880398,24463593
1880398,25665305
1880795,25444628
1896941,26199180
1910097,14843039
1911772,25218270
1925872,1973164
1943161,25780763
1943161,26174601
1950129,16141162
1950129,23403123
1950129,27042632
1960497,18928640
1960497,25880573
1977867,26023779
1989979,26995385
1992117,25541756
1997773,25216349
2004301,21697160
2010468,841706
2012761,11424615
2024454,26850896
2026800,26086618
2035301,25885797
2077055,27359921
2086887,22276371
2094670,26688144
2094824,16968843
2110330,5965947
2118198,27625689
2133229,15048062
2137244,26203721
2148067,10065180
2148086,23226811
2148928,4164775
2151014,25525577
2158958,3142267
2164845,26440027
2167404,26187377
2181736,26404963
2183866,25676638
2188840,2017797
2191609,27621991
2194612,26389709
2195871,27190575
2197149,15951501
2207862,1943161
2207862,25780763
2207862,26174601
2210197,17318271
2210197,25905729
2219749,2323601
2219749,26842927
2229908,26252576
2242926,4425127
2254467,2782664
2259695,6211568
2267849,19771931
2268982,26443197
2312463,6570627
2323601,26842927
2328846,26172200
2331224,25357785
2331224,26432110
2343507,27570336
2345314,25950047
2350341,26719569
2353082,1843092
2353082,16772456
2353082,25261646
2371905,26680352
2374245,4719702
2376334,26792880
2409044,21263828
2415882,10608772
2425860,4910823
2433849,26520613
2436125,20876630
2436317,25995290
2457499,25431861
2468116,26850635
2485218,5353719
2486868,26405105
2489311,26309884
2490938,4462134
2492043,1188880
2494095,27037335
2494627,6297037
2551129,26202037
2554612,26126003
2565602,26406756
2565807,3294324
2566705,15838710
2601702,26065039
2611603,25697498
2615615,25651939
2615615,25666786
2616884,25585209
2616884,25732120
2616884,26224448
2618062,26091010
2633857,22478909
2638092,14158729
2650269,9273048
2650269,19698036
2661440,25728246
2665093,26205654
2670382,3149234
2678446,25249750
2684422,25468894
2684422,25665341
2687892,26298340
2700230,26210317
2703910,27626646
2708273,18974169
2716465,26449658
2716716,25214236
2717137,22678060
2733977,10403752
2741557,26761422
2748578,26201377
2752284,26313248
2752682,26212258
2760015,25343548
2775973,7148200
2775973,25899367
2790497,25193318
2798865,13033075
2803300,5701204
2812601,26247023
2819127,1418453
2825498,26555211
2832790,26184606
2849537,26731328
2859468,25156193
2859590,12788916
2859590,26447298
2872367,26172870
2872367,26251313
2872789,3617947
2879567,26735078
2884933,3731824
2897916,4139248
2903512,20342737
2916421,27631452
2917824,22872942
2924251,26686880
2927546,3028499
2934129,5744607
2938808,26017309
2947205,26820462
2974497,7716827
2983587,25930657
2995087,1374727
3000131,22938196
3004216,26845665
3009552,3273682
3029192,26251970
3029230,21200389
3050719,27003142
3050719,27180788
3054067,12997097
3054067,17696738
3059971,27181825
3062370,25721615
3063254,19517511
3063254,25322362
3070113,10276594
3071678,10506206
3101144,26184724
3101578,26580414
3101578,26954200
3108030,25931080
3108402,16579306
3108402,26001670
3113574,4808462
3114842,25906667
3138085,26654555
3148656,10834963
3148656,17172811
3149234,26215175
3165739,765318
3185750,15678528
3201590,16862667
3225641,25481777
3261381,26198915
3262981,26175253
3266186,17672094
3275943,15736290
3281454,463126
3291118,22518659
3298740,1320031
3298740,8344003
3298740,21825735
3305256,20957932
3305256,26611602
3312966,25896814
3315142,26202726
3316273,26989812
3317111,16651445
3329240,26207756
3337961,26537448
3341465,26888630
3349140,26203722
3366297,26519301
3372760,1342698
3372760,25647743
3384447,22025138
3386412,25310319
3397164,11544021
3400021,25276918
3409968,2983587
3409968,25930657
3414144,25544389
3415649,26091794
3420128,26592658
3422522,25289974
3422522,25377861
3437183,26717135
3444242,25692278
3450053,5386184
3450053,26512677
3459539,26424452
3464288,16121710
3464626,26343372
3464626,26695992
3469491,26364626
3474317,8331272
3474317,26818556
3477672,7660333
3477672,25728495
3480518,25217605
3484040,26547987
3492167,26440074
3499169,14100594
3505014,10921505
3505014,26873497
3519945,5292986
3531780,27630188
3541498,667490
3551795,25930818
3553801,25336449
3555243,25167980
3560832,27388954
3601413,26040690
3603041,16653628
3610762,20258613
3610762,26846437
3611615,21785146
3630389,26660184
3635623,25915803
3674033,26441306
3675325,7587178
3688398,19175326
3697640,26179521
3705150,27156718
3705723,26645392
3711382,25451822
3712825,27014290
3713553,27239932
3734061,4580190
3736720,25910045
3759560,21660640
3776307,26403097
3778047,26183594
3788499,2084375
3835277,27187659
3835692,26314869
3840771,24626642
3840771,25718439
3848516,15762225
3850056,26333327
3866347,6143812
3866347,7448166
3867091,26207076
3873677,6870771
3875380,25726400
3885787,2384237
3889946,27626190
3899316,25975003
3902914,26215593
3911000,27635624
3915543,26702313
3918248,26250263
3938389,16755621
3941640,3017152
3951186,25656887
3958302,1551967
3958302,9829561
3958302,12499943
3958421,8938954
3961184,9770830
3961184,26851329
3977377,17709036
3977377,26551777
3977377,26850071
3981341,26179276
3981341,26252365
3982380,26407855
3988577,25944452
3997558,17814780
4005860,27634790
4027767,26427203
4028185,1193730
4030296,26389198
4034259,19035515
4044362,1354357
4073091,3055842
4083255,26355539
4085772,25286692
4085772,25897813
4091512,27622155
4093637,3564874
4097221,25924141
4097759,25719344
4100352,15214005
4104037,26665923
4104037,27250107
4113541,25401830
4113541,26624272
4127874,26677482
4137533,25650446
4139731,15469659
4139731,25229806
4141785,26061084
4145576,22432584
4152348,26810453
4161539,25277189
4167555,8704342
4167555,25918285
4190751,3269502
4204125,15520032
4208600,26118696
4223342,4596729
4226776,10443510
4226776,23405939
4226820,25658268
4229835,27027440
4248798,25681276
4267053,6372182
4274980,9764651
4275362,20833593
4275362,25999343
4276879,11347105
4311825,25568092
4314219,11078166
4315947,18633465
4317590,25667819
4325685,7522708
4330175,15244249
4334822,26191425
4334822,27026039
4340835,25876929
4345903,6760718
4372801,19861280
4374412,7006342
4392781,25953706
4394977,14708570
4394977,26086534
4399649,26644785
4406479,26327165
4418018,26713580
4423564,26331399
4424693,20115433
4424693,25263427
4426833,26629749
4431636,26513284
4431897,26250847
4436456,7151862
4437246,16310364
4442806,3264829
4444662,18244264
4444662,26993549
4452560,25944217
4459896,26775708
4462166,26520129
4468979,25300749
4473983,12921569
4480614,25950108
4483464,26632252
4484354,25204489
4484354,26274433
4499018,21256199
4502920,26523751
4502920,26596447
4512049,26885858
4540683,26668760
4541141,26997293
4543643,25216997
4554586,26568958
4556176,13447730
4558412,8383905
4559616,2601961
4562034,26417641
4571036,26221942
4591164,26638163
4591268,25534753
4595470,7265557
4595470,26208800
4598734,24588960
4620893,5360247
4625645,4269436
4627335,15649712
4627335,25155684
4633522,26296081
4633522,26758118
4642646,14332977
4651133,26395781
4652876,25925889
4663489,7041757
4663489,25878218
4675227,1855557
4677054,27351839
4686786,9052227
4704556,26748570
4732435,25307063
4735402,21161864
4747835,26437875
4760985,21344688
4760985,25937042
4764647,27383096
4792054,25423564
4795060,15548076
4808457,9371706
4811803,26174397
4812613,25312080
4815777,25947500
4815777,26064623
4816269,15311076
4816613,12216010
4816613,26853878
4817419,25311407
4828083,26390433
4830045,26836640
4830618,25917991
4830618,27026942
4831140,13523588
4835615,17882511
4835735,27158667
4838103,26991178
4838615,7062057
4840497,14905839
4840497,17134972
4855335,26414111
4866188,1137616
4889374,21940132
4902816,19765557
4923881,7684614
4929137,11664849
4932010,10155275
4947087,26132239
4949132,27340669
4950347,27476405
4960172,19236653
4960172,26355666
4967519,25911268
4977179,27471954
5000014,25295634
5002780,15331281
5007224,26747569
5009697,15469178
5010721,20450813
5016564,25679543
5017180,26168182
5023742,18840273
5031569,26635625
5048491,10333503
5048491,25533337
5053935,8211574
5060115,25451610
5061235,25662791
5068019,26899023
5102125,26409850
5103053,656144
5109550,25314121
5118543,26291703
5118543,26894571
5120739,26412896
5123908,19008012
5123908,26198371
5133043,13781856
5134235,27635788
5136985,25988106
5137457,10209971
5138994,26252835
5138994,26684595
5140338,15379097
5144806,25485967
5151089,14763615
5151089,27200761
5151522,26421160
5162741,26450161
5180980,13153389
5192012,25778795
5202248,26851299
5208435,7329315
5211967,6513606
5219018,26034998
5219344,25661173
5220368,10459528
5225514,27627913
5229225,6278624
5233259,26759195
5233716,18409354
5238894,788767
5240269,8205059
5274759,27384306
5287172,25948462
5288930,26321415
5295187,25534685
5303955,27156718
5311946,26905467
5314785,2467911
5339461,26648456
5343249,13237002
5357237,5878522
5371195,26331900
5374931,11173636
5379460,641887
5386184,26512677
5399235,4624586
5410426,26349753
5417945,26212525
5426023,20285131
5428876,26251297
5430510,16910775
5435025,1934842
5445956,26600188
5468510,26184547
5468510,26215396
5471896,26649731
5482725,26024214
5482725,26442120
5483400,18650880
5490924,25662496
5490924,25895747
5495546,26252267
5512748,26058999
5516407,26545758
5526517,1365485
5526517,26210130
5535262,26201531
5551655,26040841
5556062,20049053
5556062,25192235
5561809,25779820
5563546,26897313
5567985,24197771
5572378,16704535
5574696,26732187
5582372,26772308
5583725,25526247
5586417,20281051
5587165,5997579
5595870,26448226
5613631,7743376
5622040,26045554
5622835,25587674
5625009,26416767
5628241,25301351
5635878,27624495
5648516,5665953
5648516,26209986
5648516,26709698
5648967,5869967
5648967,26813288
5655918,26700845
5661626,25229535
5661626,25526616
5665953,26209986
5665953,26709698
5669447,26737964
5680513,26091800
5680513,27634213
5683961,25779893
5715898,27335536
5725536,14438358
5726824,26505382
5732720,26417426
5740424,10660752
5755047,1554537
5777427,477078
5805129,26729335
5815261,26206098
5821697,25686431
5821958,27624087
5830397,26005671
5847241,26591964
5852073,4221246
5866446,2461741
5877559,10573542
5879433,25889943
5880310,27633953
5883600,25260120
5891870,25411598
5900077,25175051
5902204,3835692
5902204,26314869
5906056,26091288
5906333,9022184
5907494,10713842
5917370,26434016
5918469,23793763
5925877,21309563
5927169,26895731
5935104,26409354
5937795,24426414
5951035,16346869
5971902,27216764
5972422,13642423
5972422,25210565
5979607,17688420
5983458,26861876
5984600,26813132
5990441,446239
6000353,26739111
6037863,25902961
6038326,8743227
6038326,26754031
6051993,26824337
6052170,26864906
6055555,25321585
6056085,2433359
6056128,26438382
6062950,27632867
6072042,16912047
6074524,26625390
6080801,16660184
6100756,27635090
6108787,25288221
6108787,25407553
6110255,26559364
6120314,20705568
6122663,25954888
6127222,26422930
6134056,26177026
6138903,15586335
6138903,26400329
6151826,6920546
6157843,26119740
6158627,26186013
6160098,7985270
6187647,26322349
6209714,26228476
6223807,11688900
6223807,26806701
6223946,2687106
6223981,12983152
6227737,27213396
6232201,20690803
6232794,9965363
6232794,27169103
6237222,15925763
6244227,26192199
6249689,25423167
6261653,23179041
6272259,6546442
6273102,26365430
6276830,5732720
6276830,26417426
6280510,24565460
6285684,27633071
6288865,25693497
6291277,25182447
6302569,13893592
6307794,27629434
6312705,15007553
6313743,26603334
6326492,26273289
6329584,156424
6332258,21027951
6332934,26037598
6335023,27163103
6335407,27387336
6335407,27628343
6339099,26714239
6339584,5159560
6340702,15348226
6345751,25691446
6349135,25376496
6349135,26031577
6366359,26902706
6377104,4991785
6379408,11456138
6382069,14170873
6393543,26273397
6423413,11498899
6432158,14766684
6433348,21688310
6437601,8152967
6463415,25438397
6464493,9026272
6468704,26558557
6473954,26515015
6478803,7650630
6478803,26058157
6478803,26061810
6496209,25916019
6496262,26322349
6496311,22022612
6496955,25568094
6500408,8102253
6500408,16265122
6504783,11529463
6504783,12072648
6504783,26685329
6509898,25425148
6511864,26643320
6517090,25996222
6517090,26581034
6518416,10723570
6552294,26272608
6557523,16013206
6577729,26179846
6588284,691728
6597187,25650119
6597452,1964996
6597484,16592470
6600033,26433999
6606130,26824470
6613362,26642775
6631051,2157969
6638307,26518553
6652595,26508739
6654968,26553963
6676808,1819530
6677937,26835226
6687623,26825866
6707163,14343186
6709291,11981397
6719283,76460
6727832,22671353
6745777,22484776
6746917,26410910
6754755,1272239
6761432,14403157
6761432,25884800
6767383,26331399
6777906,26693665
6783907,26400555
6798396,25903189
6800850,26321213
6811026,27038630
6814881,7717161
6821098,12107007
6825759,26177977
6831128,25779007
6831128,26696600
6839415,20252830
6852060,19941624
6852214,26359168
6866569,27625403
6873559,13129549
6897173,26408733
6916711,27026014
6924780,25651742
6946362,26173224
6953701,24983467
6954951,872033
6955575,26329185
6961765,26675811
6964459,26294940
6967886,25544481
6967886,26198815
6973192,25567524
6987433,25221762
6997253,4033656
7016768,14387520
7016768,19032741
7030597,16616367
7041757,25878218
7047240,26792481
7070552,26327626
7075023,327632
7093883,25719239
7096028,26651244
7105752,22068646
7109292,25683357
7118593,26300574
7119763,26910703
7128105,26898706
7132376,20236240
7143273,16902616
7148200,25899367
7158238,25779804
7164700,3638536
7164700,25959322
7167640,22331591
7167640,26503799
7167640,27250745
7167644,26028988
7171245,25995446
7176942,22635565
7181742,25926298
7181742,27020975
7189322,26847429
7191612,6246965
7196253,19751897
7203089,26176092
7212525,3728183
7218419,5016564
7218419,25679543
7226431,3427561
7226957,24749895
7231078,6486993
7231078,24501234
7233526,13949750
7242757,25394921
7249815,815925
7251092,2639490
7251092,15502197
7265557,26208800
7281351,27204852
7281352,24403107
7286850,8055649
7300693,26088368
7303537,25212151
7309871,17517179
7327076,17299711
7332437,25917794
7332437,26400747
7334348,25890968
7344166,25431933
7344166,25955941
7352602,6610331
7352602,9179311
7362566,5558205
7385231,1967077
7391307,26040702
7392153,10234762
7392153,16396890
7399767,26768779
7452872,25897369
7458481,18821663
7458481,26652775
7458765,24538069
7459302,25549157
7482498,26279791
7485475,26700087
7487435,27049182
7504925,23310514
7517051,26192100
7539390,26087147
7543075,25983921
7545357,27122512
7552610,26745737
7583569,3346366
7590304,26504065
7595700,26418466
7608208,25675850
7618464,27224245
7635454,5030993
7637437,26908197
7639647,25957666
7642436,25692039
7650630,26058157
7650630,26061810
7658449,25670981
7658909,27038232
7660333,25728495
7672535,22209177
7680126,25423991
7684478,25268997
7703984,27622374
7714139,25254118
7714139,26702734
7715321,14479756
7715321,21740933
7715321,25646337
7716207,12991809
7720797,23480485
7720797,26718244
7720797,27196830
7725216,16565584
7725692,26591207
7732668,367585
7732668,22262154
7739646,9976596
7762077,26779735
7765155,25689999
7765155,26500344
7765201,26208204
7783481,14608011
7785511,9512456
7785511,25444206
7786289,27533491
7799876,6738176
7806568,9021133
7815073,25722494
7817885,7272141
7824519,26592690
7828145,26182963
7832846,25417058
7834722,26326415
7834722,26880841
7838833,26251123
7840346,15541659
7842210,25526228
7842988,26396661
7862115,26437134
7862209,14458107
7881083,27390474
7895952,9319875
7902019,25882613
7914191,20509605
7914658,26278774
7914658,26913964
7914816,22846916
7914816,26122362
7922993,26337506
7926244,25993737
7930452,20402381
7935606,10356959
7937031,26837370
7940103,8976464
7940103,26293250
7943753,26524065
7943753,27586102
7954936,21059548
7954936,25241966
7959273,18177229
7963459,9498171
7963459,25950684
7967104,25781509
7984298,26576605
7985555,4395198
7993204,26445379
8036353,4864502
8042838,25769179
8046533,26373252
8056597,26093921
8064338,26204881
8070167,26690117
8084588,27016773
8089869,17298905
8099309,27048057
8102253,16265122
8118039,26224649
8118425,8631870
8136797,26402605
8163270,11609674
8163270,26280307
8183799,15090465
8183799,25646257
8186375,26591701
8202330,25570745
8209600,8327280
8214526,5815261
8214526,20836503
8214526,26206098
8225814,25727752
8226049,22212473
8226950,18916073
8233889,3923911
8233924,25895543
8240811,26176988
8258291,25658410
8260581,13270303
8263362,27056920
8272573,26744857
8273840,5729448
8284959,27384298
8285081,4190571
8285081,22155527
8295187,26692547
8299836,489696
8309931,14180902
8315791,25989780
8326761,12421884
8326761,13897372
8331272,26818556
8360761,25586604
8362647,26365843
8364154,3707298
8371661,6135132
8372477,26197323
8381768,25409882
8382116,15349299
8386216,1686173
8389323,26912068
8428179,26088347
8431364,4406479
8431364,26327165
8434901,2188840
8436202,27234314
8457248,8292360
8460911,25397796
8465777,15792711
8478342,26037971
8481855,25989441
8484353,3529499
8491866,26207842
8501365,26746615
8503653,25247804
8503653,26400843
8507331,6858551
8509671,26342723
8516100,26001564
8516100,26171410
8524062,13356602
8524062,26785910
8553082,14961641
8569189,26683106
8572846,26565771
8580057,25539002
8592601,26199575
8603314,26625858
8628093,8093928
8635506,17512005
8641256,25657414
8641256,26587339
8664430,25260030
8672447,27575734
8674375,672435
8674375,11800650
8684360,27017664
8689336,26257571
8689474,27637182
8693854,1750535
8696248,10874465
8698469,26723010
8700160,16288905
8700160,25308912
8700645,26758569
8704342,25918285
8708108,25571929
8709993,26665923
8714162,26246486
8715300,26389902
8724382,5211967
8724382,6513606
8731794,25327715
8743227,26754031
8748711,26192877
8759300,12406676
8759300,16235701
8773981,26266695
8788349,26838005
8796678,5868303
8807663,22693547
8813099,26283564
8817435,26591094
8833526,27627794
8846351,9728939
8846515,25778848
8847676,1965091
8847681,18620589
8852042,25893436
8853771,26354799
8858618,26439349
8862609,25393972
8865218,18554402
8873293,21082324
8873293,25402671
8873293,26671903
8879414,16147431
8917728,21816166
8917728,25179858
8950170,26090713
8959954,2962905
8971041,26425970
8976464,26293250
8977832,26180731
8977833,22355272
8979966,26707286
8994377,18455936
8998684,27389786
8999020,25694798
9000255,26510654
9003880,26849700
9008121,8641256
9008121,25657414
9008121,26587339
9017005,27013480
9024164,25659422
9027784,25218270
9045778,27048602
9052602,18656148
9061537,22252171
9062421,26518353
9062466,5658595
9089710,13128958
9102056,26392985
9113822,3054101
9120613,5754520
9129749,22046787
9130819,27026308
9141232,13947514
9143572,11276421
9151926,27032731
9153086,17408360
9154549,11112393
9160689,25440855
9173175,11986860
9178686,5369980
9178686,15094663
9178686,21792869
9179311,6610331
9179801,25732642
9179801,26793398
9180457,26658886
9197307,11239895
9197307,27631780
9217834,16131451
9224726,26174051
9227137,20029085
9241655,13345582
9241655,25204469
9241655,25902074
9248384,26642342
9258201,26446076
9278245,20072050
9285833,8292360
9285833,8457248
9286477,26337992
9298932,8577810
9304571,24059376
9314362,27626803
9322384,2913849
9330365,6183083
9333567,26436613
9340243,9306642
9350664,27048050
9352557,1974673
9353994,17822550
9368517,24174070
9375429,27188252
9375760,26673785
9377994,3335194
9383909,25314520
9407729,26037475
9412346,12707345
9412346,26500892
9421665,26207513
9422702,25209180
9427359,26437715
9427837,6433348
9427837,21688310
9443265,25299680
9443265,26219750
9444018,13600074
9444018,15099650
9444018,26281553
9458572,7098006
9460090,26174407
9469833,26191324
9481959,24998333
9481959,25650874
9494740,27045144
9497615,26174866
9498171,25950684
9512456,25444206
9512456,27576350
9517170,6709291
9536594,4568316
9547064,25167065
9556467,25992299
9594610,26499484
9606646,26846932
9610687,20051467
9619520,26550878
9623175,26197547
9631821,13701548
9637151,25899769
9639753,3397164
9639753,8396772
9639753,11544021
9646810,26555206
9649990,5720193
9651695,20591860
9659338,18102065
9659818,18204033
9660408,10069484
9662185,13158418
9662185,25928143
9662935,4317590
9662935,25667819
9666607,26659518
9672961,26273614
9674352,10564352
9674352,27628582
9676090,7942676
9676090,11207822
9681460,27342957
9695568,3401925
9706435,8252514
9713288,26730388
9720447,25919269
9742951,26715065
9752193,27045238
9761739,11427690
9764135,26518387
9768216,6608365
9770830,26851329
9773781,26832401
9786625,27047619
9798253,26432942
9806757,27103993
9815413,26747813
9819645,5137457
9819645,10209971
9833687,20242777
9835919,8002772
9840730,25284725
9850046,26182648
9861294,10609562
9861294,11195483
9887057,2072253
9889448,26135586
9891320,25200142
9920448,26423371
9923377,4352267
9924739,26400216
9935277,6866569
9935277,27625403
9958517,11227144
9959814,26720827
9965363,27169103
9972941,26716648
9989509,26094820
9992533,23649984
9997720,26626331
10001581,26759615
10010283,26807639
10012846,26674636
10023582,26530280
10026866,26716540
10028038,27635460
10032527,2335359
10040556,26124748
10041726,27358173
10065605,26414911
10067424,27245942
10073006,26207003
10079318,27628158
10082131,26034089
10082131,26041854
10095813,26262702
10111345,12104711
10121591,6187647
10121591,26322349
10132255,25180765
10132255,26615308
10145613,5871196
10150772,26392955
10164014,16201
10164014,26553657
10169496,27198785
10171762,26516342
10177773,17133766
10178566,5747044
10180896,25584857
10187421,26254271
10202313,26797262
10209029,593472
10235467,7919987
10237196,5931191
10251771,25167948
10251771,25694498
10251771,26029804
10259424,27184177
10260386,25539631
10260386,25716356
10260585,26433783
10264286,21377970
10264286,26750426
10274001,17609188
10274001,23220212
10278028,11880605
10288915,4874233
10296666,26382076
10299716,27622178
10301932,3374194
10304801,5640612
10305937,26996128
10305937,27042964
10306296,26831223
10317361,26408730
10333503,25533337
10338732,27631556
10342765,11661733
10347809,26057023
10351723,8983112
10351723,21869224
10355661,27056525
10357158,25658751
10358932,26767263
10358933,20178834
10366259,26508489
10371839,27119063
10375999,27393280
10378032,21529680
10387372,26380883
10390359,26394992
10419926,27365766
10422261,26731436
10440051,25677850
10454376,22760710
10459398,27360289
10479525,26361002
10479732,26094098
10492153,25890918
10494309,17615186
10494460,20381579
10500778,25429742
10503236,12426033
10505714,23599231
10506599,25770080
10508766,17085333
10512970,26274459
10517070,25381397
10525558,26157621
10534091,25918828
10534159,7504925
10534159,23310514
10536667,26432315
10537848,26579170
10538561,11872846
10539453,27184093
10544484,26382410
10564352,27628582
10567802,17524974
10576137,10947910
10584121,26290925
10598220,25570430
10609562,11195483
10616764,4523170
10617311,25409625
10623145,2253138
10628401,23525966
10638745,26293473
10638749,26135941
10661070,14364636
10661379,27369396
10662979,25685633
10669696,26378135
10676484,11448662
10678407,25694436
10694714,26203194
10697657,19262720
10701808,21818568
10720793,5999560
10724218,20911632
10733742,26205476
10742887,9989509
10742887,26094820
10744373,14813618
10748085,27115801
10750206,25569265
10754619,26417571
10763744,25721569
10769335,23723108
10772814,13233465
10772814,26190470
10781842,26708645
10799193,25655542
10816695,236260
10825379,25345085
10826855,8381768
10826855,25409882
10834963,17172811
10842391,22826391
10853718,2872789
10853718,3617947
10856456,20185787
10860217,26842902
10862997,26175829
10866661,15899205
10866661,18342872
10875262,25346943
10875262,25427769
10879310,16373283
10889324,27577055
10895284,2465262
10903158,25780644
10907848,6312705
10907848,15007553
10920653,27219577
10921559,19056113
10926234,6681773
10927117,525035
10928163,26410992
10943250,25726232
10960517,8844597
10964521,25346346
10965764,10711783
10971749,26633826
10974487,15983189
10977087,26818702
10985544,26744857
11008522,11615841
11019727,877674
11022244,14088079
11022244,25689928
11027499,16840439
11027499,25209327
11027499,25587254
11031554,25395332
11040827,25220815
11068826,8550214
11075290,26446200
11086678,25293508
11087480,26555535
11091096,27621528
11096937,5383021
11102322,17547463
11114508,26177673
11114508,26511182
11115421,20142601
11130895,11349762
11136366,13865096
11150128,26763698
11153969,26512489
11169372,26011461
11170981,26250750
11172132,9920448
11185904,25280271
11186975,26738703
11191984,26380513
11195159,21061628
11198282,17957100
11202658,26394986
11207706,25312622
11221904,7937031
11221904,26837370
11225098,25164367
11225098,26220486
11234076,26763248
11239895,27631780
11244264,26904180
11247471,6120314
11247471,20705568
11264329,26289596
11269416,26065814
11286657,26401281
11286657,26442542
11295577,25775686
11297650,24999008
11298240,25210774
11301840,26718115
11301964,26560327
11302918,26341607
11302918,26833853
11312047,26793905
11322090,26043938
11324587,26057590
11332117,27633226
11334098,8653197
11340642,27164698
11379991,25228463
11381116,7914658
11381116,17391583
11381116,26278774
11381116,26913964
11391530,4069603
11403772,25483374
11405759,25213325
11406068,22000154
11407267,4795060
11407267,15548076
11408177,26592616
11412230,26411988
11434680,27400310
11439623,27636774
11442825,26819787
11444609,26683405
11446230,26186721
11453039,26056894
11453998,26520027
11459247,4157996
11483456,20911952
11484219,19566000
11485337,26751214
11489134,14354413
11526290,26721128
11529463,26685329
11535195,25256837
11535864,25388881
11539242,27004324
11539721,25916267
11539930,20541578
11554256,20147613
11557319,26095261
11559289,27109763
11562866,26449657
11579071,6151718
11587472,6571187
11590283,9495089
11596684,26402896
11604117,25547283
11604117,25939764
11609674,26280307
11625573,8622309
11625573,25177614
11647767,26106540
11658695,18269721
11662607,25373453
11668843,26736643
11670218,26872107
11672828,25899172
11678263,4014552
11681724,26989267
11682000,17858361
11686341,19968155
11688898,10766199
11688900,26806701
11691460,14864412
11692717,7521161
11711421,26900430
11712390,12959355
11712390,25178550
11717243,25286991
11718263,26035665
11720241,26196680
11720241,26658976
11732017,26425632
11733882,25310209
11738628,26193935
11745745,26603798
11746139,26179224
11749433,17822209
11749433,26579109
11763987,3350115
11775835,5091035
11793513,27223943
11797173,25396792
11799391,21128236
11801512,25912657
11806695,26888336
11806695,27542217
11807875,25933329
11820799,26759820
11849717,15729986
11859909,2670729
11866304,26773800
11866453,7948786
11867472,3423987
11870905,1098669
11889648,26680563
11899914,26822516
11904618,27035202
11906246,27630776
11938934,8282114
11938987,14982852
11948785,22613222
11950727,4828083
11950727,26390433
11951061,26208857
11951061,26423121
11962387,27026014
11962838,26136098
11967830,25907246
11967830,26280716
11969031,25417229
11970793,25428394
11971612,26674836
11976568,26206469
11978338,16149026
11983124,6853664
11983839,7710863
11990512,1482275
11990541,16478034
12003912,9924739
12003912,26400216
12005629,25242769
12005629,25732103
12011703,26594173
12018514,27105073
12019189,21603926
12028708,25153866
12037398,26325717
12048967,25482492
12051448,5349069
12056747,16787111
12067969,22487027
12072461,26225713
12072648,11529463
12072648,26685329
12080933,27159690
12088015,3028681
12092246,26355666
12092635,17674881
12092635,27183827
12104527,26732098
12117876,11064828
12137234,17244449
12137234,23825281
12137234,27632355
12145740,930319
12149581,27621424
12151173,26383089
12151326,25887442
12158872,21055998
12162589,26627193
12162690,9331477
12169529,2974043
12171494,4694518
12181685,4971588
12182948,26777026
12184927,3639318
12193476,14277582
12193476,26796267
12193744,2498361
12196131,14293778
12206797,26862022
12216010,26853878
12221038,15318686
12231378,26381170
12239366,26989746
12243916,13073654
12260788,20450651
12260788,27630488
12263996,18962914
12263996,26394199
12266954,16659217
12266954,26280564
12275249,26193684
12278194,405242
12279483,26732055
12283182,26250327
12283182,27628938
12318210,19468802
12327903,26626620
12327903,27231922
12328538,25450907
12328538,26094670
12333354,25451897
12333354,25732548
12336676,25188017
12342384,26775895
12345043,26430776
12348434,26647616
12356631,13832289
12356631,17958772
12362551,26907796
12394629,14177421
12400081,25936690
12400081,26392950
12408315,26625380
12411797,25451897
12411797,25732548
12414048,13430011
12419528,25895230
12422502,1124655
12422502,26858636
12436972,3403530
12446573,10819568
12447619,14827403
12453134,25992138
12461271,27023873
12475617,25571287
12499943,9829561
12527560,26407916
12538995,19836070
12541502,21928663
12548791,26715065
12560307,8748711
12560307,26192877
12561651,27044349
12562368,9305706
12562368,14051220
12567735,25534345
12578623,10693377
12597340,15897497
12597923,26323721
12601155,26433593
12601155,27010201
12601337,26999111
12607316,860341
12607473,26576782
12610559,26208568
12611727,26597851
12612288,19861900
12629242,26226967
12639678,26222255
12642951,25877644
12654017,18085868
12654017,26394588
12655669,26184754
12666611,13893896
12670624,26005489
12676008,4568316
12676008,9536594
12677266,11681724
12677266,26989267
12678615,27622081
12680409,26092802
12691187,27044790
12707345,26500892
12713422,12968168
12713422,17042404
12715341,3198057
12715414,26227307
12720739,26857625
12741290,27571134
12746069,25207668
12746507,26808500
12755207,6684020
12762950,25563277
12767568,26754451
12768484,26503616
12768916,7899210
12785960,25567530
12788916,26447298
12793665,26397716
12805186,26177658
12810543,25652469
12810543,26510580
12817196,15341770
12817196,26010036
12825691,27052153
12834048,25517809
12863081,1169739
12866308,26578569
12869539,25944217
12869796,26205400
12877925,25586377
12888440,25264257
12895622,26416103
12902203,26595632
12905399,25165130
12906904,26384265
12915564,12260788
12915564,20450651
12915564,27630488
12922574,11077091
12924793,6863775
12936175,19727441
12950360,3985895
12952242,1192005
12953403,26634597
12959355,25178550
12960899,26590841
12962073,25768910
12968168,17042404
12971203,26086203
12982763,12642186
12990226,21080399
12991316,25689610
12999167,16385150
12999167,25419775
12999167,27626515
13005239,26220486
13016103,26790656
13023662,26522184
13025376,7167142
13031348,27399208
13032866,1686173
13032866,4005860
13032866,27634790
13041988,25547829
13042308,25945110
13044197,15164474
13044197,25376254
13045152,15136443
13054633,15724944
13061614,17954040
13074285,25383267
13081250,25232836
13085247,25563886
13085504,8025711
13089207,25674912
13090122,26833754
13100565,25425631
13114890,17576234
13121317,4779716
13123995,26141682
13130471,25438825
13139167,27045272
13154898,13712861
13155572,9640630
13158418,25928143
13176067,1623932
13176067,16382657
13177832,27111838
13188030,26999478
13193501,19234203
13195548,25526847
13207940,25170217
13231252,23177331
13233465,26190470
13234250,20208895
13234250,25197578
13234661,26717003
13242630,2585510
13254812,25409051
13263082,25664410
13264852,16797471
13269129,25876700
13269389,26109817
13269389,26508417
13283087,5283830
13293750,17695894
13313497,5747044
13313497,10178566
13324336,27101472
13331394,22627630
13345582,25204469
13345582,25902074
13348636,3350115
13348636,11763987
13348924,1118960
13356602,26785910
13361799,26755685
13362333,25682889
13366965,19478054
13367862,27376103
13373526,27622324
13378080,2336842
13385511,4739183
13387683,8334873
13393041,8965054
13406517,17140688
13406517,26091031
13406517,26093127
13426003,25250202
13429346,27631474
13430373,12779400
13435345,22406111
13439011,27117519
13447483,24195910
13455649,4589751
13459306,26633612
13464134,25572764
13465399,23144702
13487892,26904416
13495263,25207783
13515048,25663264
13515429,26024130
13516567,382713
13518649,26891628
13523188,26447239
13527048,26209344
13530724,22520315
13534708,14668050
13541485,23053445
13545005,22392822
13549473,27227362
13550411,25294094
13552374,26121711
13578621,19146108
13594811,26788372
13598948,20676768
13600074,15099650
13600074,26281553
13603257,25588777
13604427,22443605
13642423,25210565
13665857,24702774
13668317,25328450
13681815,20220900
13681815,25153866
13693705,24856346
13700217,8893959
13706167,26199349
13708308,26765753
13712554,27230069
13718642,785657
13719412,19659228
13720555,26853694
13723379,26389780
13737783,26329333
13740713,21918797
13741733,14308375
13741733,26664294
13753480,25693734
13754034,27018346
13781856,27218330
13784921,20086426
13785234,27415792
13786812,25944251
13789302,26989925
13796498,26024864
13796498,26906963
13814453,25415979
13822925,26561850
13822925,26810243
13824632,26448180
13824986,25256282
13826556,4925302
13832289,17958772
13857922,26432802
13860759,26410910
13871449,18123231
13882533,26277128
13888655,27385064
13891483,25353772
13901899,5225514
13901899,27627913
13903769,21526493
13906834,18077232
13913377,22963940
13930155,25910114
13935649,6055555
13935649,25321585
13953837,7469000
13972010,25211847
13972010,26580890
13989911,27104605
13991271,3653766
13993848,26688144
13997904,26409373
14007770,10596959
14008229,25697813
14018412,2565602
14018412,26406756
14028352,11134851
14031803,25356741
14031803,25516377
14031803,25516769
14031803,25895889
14044543,16166800
14059354,5182190
14059920,14686240
14066102,26589534
14077711,25239328
14080046,5868303
14080046,8796678
14084209,8714162
14084209,26246486
14087633,25683501
14088079,25689928
14094081,26424642
14102127,26754709
14108808,27020600
14135400,26200236
14143555,26206875
14156085,12042509
14156571,25571860
14156571,26183641
14168370,23242271
14189236,26423896
14200929,3725704
14219064,944556
14219064,1401960
14219064,25436039
14222320,26184054
14222822,26439432
14223807,26551887
14224367,25910693
14226387,26176304
14241228,5263812
14241755,25775272
14243319,11675160
14255126,26795428
14260260,13726077
14267011,18276449
14268056,2126454
14275592,24002485
14277582,26796267
14296302,26993467
14298414,26092381
14308375,26664294
14313969,25153677
14321674,25273911
14325207,22129606
14325207,26872462
14343960,25957111
14359050,25299994
14362211,25250690
14362678,13537976
14374714,24219799
14387520,19032741
14402089,25179498
14403157,25884800
14404950,25353137
14414387,27623103
14418951,693481
14421185,2928842
14422294,26349732
14425962,7915722
14439209,1967882
14441080,10517070
14441080,25381397
14444415,25896406
14444683,16852469
14446017,6433348
14446017,9427837
14446017,21688310
14451750,16807566
14459360,24873608
14459360,26224958
14459360,26838615
14461754,27186347
14471070,8689474
14471070,27637182
14475247,27030669
14479756,21740933
14479756,25646337
14490310,12540321
14491066,25403722
14491140,25672398
14502480,4403455
14509097,676193
14521971,26169945
14526629,25200941
14526793,4431636
14526793,26513284
14530901,340734
14533148,25658896
14544187,5747044
14544187,10178566
14544187,13313497
14555775,25454263
14556451,26175410
14556606,25204538
14566848,25992512
14567823,7176942
14567823,22635565
14577148,26437969
14594223,20451490
14594223,25587158
14604429,21744773
14612300,26091970
14631903,27163326
14643410,26994655
14674300,25564652
14677136,11444609
14677136,26683405
14681639,27201613
14690993,12138840
14703821,25331624
14707650,26222433
14707650,26658976
14708570,26086534
14712146,26185620
14717420,2464238
14732570,27402914
14735926,26213269
14746941,5214246
14747389,26033528
14763615,27200761
14765212,25688861
14768380,26712421
14783091,26042305
14814214,21858485
14822398,26603822
14826632,17743404
14831494,3803909
14833947,4673449
14838311,24843110
14838396,16031590
14838396,17471672
14843039,25895135
14844797,26520778
14851906,26341112
14851906,26747633
14857983,26293912
14857983,26692057
14861625,25171793
14869690,25996734
14870450,12493815
14883433,3267914
14884674,5412583
14886697,5502780
14904259,22584675
14914180,26334395
14914848,26363690
14965440,6614996
14966813,445608
14967081,8991207
14972632,12297260
14972632,22545960
14975819,8051629
14976629,7167644
14977763,26687321
14977972,25661135
14987254,9844928
15023802,22408642
15027434,16265218
15027434,25376086
15030745,26842413
15031825,25326144
15031825,26591928
15031825,26599215
15032518,25381371
15040045,27376854
15042806,10972499
15045306,26670084
15046606,1581774
15046713,17638897
15059400,26407737
15060738,17916297
15060738,26614280
15090465,25646257
15094663,5369980
15099650,26281553
15100925,23569617
15111456,26570891
15116062,8105072
15119139,25298279
15119921,2512382
15136394,17434405
15136394,20837352
15150486,25902924
15164474,25376254
15165471,14036667
15176565,22143906
15183859,8056597
15183859,26093921
15184956,26499914
15188924,26145382
15192110,26887356
15196153,25246508
15196153,26048429
15196565,6889399
15200337,25722224
15222630,25901917
15247434,26334722
15251421,16473279
15273772,26396910
15274681,25653735
15274681,26187856
15281730,2825346
15291611,24998575
15301508,26687335
15310873,26501054
15314094,26291703
15314094,26894571
15314546,26199589
15324254,26590535
15334063,27404533
15341080,2041888
15341770,26010036
15344710,26507000
15375581,14474508
15376652,24374
15377189,25909921
15378455,16783447
15389805,17639454
15394943,26612450
15399639,5462643
15410438,25584590
15411246,26520168
15415103,10016850
15416018,25953665
15416018,26178013
15419033,26577501
15419394,123638
15429819,25394237
15439348,16871455
15451650,25901293
15467172,16940317
15467172,27237936
15469659,25229806
15488241,26106557
15489451,7564401
15490769,25692648
15493650,27017664
15493651,7837219
15493956,18453425
15493956,26764447
15500059,15817144
15500059,25418568
15502197,2639490
15504503,25255181
15504503,25990639
15509028,25325239
15515561,15885152
15515561,25661863
15519046,25329109
15550156,26176155
15564165,26329747
15569322,2014517
15574665,26586561
15577032,12097318
15577032,25917200
15583245,3898704
15586335,26400329
15595603,25850787
15595603,26194315
15602096,11309555
15602674,22431793
15604218,26195056
15613421,18856129
15617929,2879567
15617929,26735078
15619656,26173476
15623897,26663313
15629353,25914941
15639471,14722917
15649712,3976328
15651047,26147832
15654116,25324425
15661417,27364850
15664167,27622682
15670514,26272582
15696854,26668254
15724051,21547499
15724902,26273758
15727901,25733291
15741774,27111003
15750409,26530280
15789372,26579367
15789372,26858304
15793780,25945110
15793780,26998763
15796233,26081730
15802571,26324037
15803218,17113396
15815997,25932754
15816765,26339588
15817144,25418568
15823393,26317440
15829880,26619932
15829964,25422307
15830770,1992117
15830770,25541756
15837514,27031826
15838601,17685396
15838601,25202330
15849564,25684780
15855912,19869787
15855912,26169715
15859605,10800659
15873250,6965469
15885152,25661863
15888497,3291491
15891366,3055423
15892347,26873472
15899084,1414494
15899084,25694436
15909674,26898121
15909675,10580766
15912516,25945253
15915912,21204642
15926418,14789985
15926467,9759080
15945127,18988837
15957384,26361639
15966401,1347462
15966850,27635154
15967070,17670212
15991352,12484930
15998903,26597057
16008484,4540683
16008484,20261095
16008484,26668760
16009110,22237078
16010099,20222355
16010099,25376859
16028701,20898532
16029385,4027832
16030996,18326572
16037505,13600063
16038113,16226138
16040561,26905050
16042483,25662496
16042483,25895747
16050548,21699225
16051609,26584725
16071273,26847347
16073448,9129518
16074349,25730236
16074349,26848066
16082930,25727969
16086097,27629243
16088611,25936444
16097864,208101
16101985,1002478
16101985,25527420
16101985,26182693
16107398,17201051
16117502,23821030
16117502,27189782
16134932,26524192
16156674,21184560
16156825,25158561
16161540,2285537
16163773,7687065
16163993,6587144
16176123,26188355
16176123,27635157
16178033,22884931
16187813,26738834
16202199,22640476
16202199,27627377
16205129,14799102
16205129,25411650
16206397,26180192
16209812,26105811
16209812,26841592
16216829,26900185
16216829,27186070
16219186,1366783
16219782,11349127
16221715,23445473
16225350,26321415
16225363,26625390
16235701,12406676
16242629,20494687
16265218,25376086
16281468,9997871
16288319,26808939
16288319,27101697
16288905,25308912
16294090,4947087
16294090,26132239
16298984,4828478
16300869,26425165
16302480,21139919
16305132,17868142
16337502,26209021
16339148,26395167
16349625,26046973
16360212,26091020
16383957,27187042
16385150,25419775
16385150,27626515
16392827,26425212
16395659,17428340
16396890,10234762
16408666,26439135
16415389,19151053
16417259,20901289
16417259,26410016
16417259,26857408
16418130,27626128
16418130,27626809
16422383,26805848
16440532,1680641
16450260,26435160
16454963,26508767
16460895,24888065
16461798,26999037
16475137,26392242
16487430,26394387
16493690,25983872
16493738,13100565
16493738,25425631
16499582,12396173
16499582,16564588
16499866,12265592
16526008,1798559
16541945,26451173
16542607,25362620
16542607,27053029
16564588,12396173
16570511,25717381
16579306,26001670
16583042,26501686
16599040,2253138
16599040,10623145
16601552,7286850
16601552,8055649
16624622,27187072
16624837,4315947
16624837,18633465
16628188,9151926
16628188,27032731
16628519,26819550
16659217,26280564
16660171,22140510
16673843,25588890
16680356,8661001
16713802,27166557
16718278,6942661
16720979,25211938
16724377,8743995
16763149,25645009
16766908,25371268
16766908,25696383
16772456,1843092
16772456,25261646
16791034,18778059
16793921,25585391
16793921,27393510
16799949,26887184
16804449,25656211
16806637,26002338
16839988,26438153
16840439,25209327
16840439,25587254
16848457,26115074
16863344,25187859
16872262,7877714
16890326,25294461
16912047,26530680
16923870,2269010
16930036,26760535
16931762,26507046
16940317,27237936
16942423,26004842
16943367,25954510
16953079,26714939
16961506,26704761
16963852,17246012
16968693,26438153
16971165,16567107
16976455,25666909
16977938,24909152
16980977,24331487
16990898,25885739
16992678,26196251
16994236,27018439
16995003,930319
16995003,12145740
17000923,17472533
17005552,9812420
17005552,12742136
17010076,13171044
17013774,20391885
17017466,25449217
17045412,26025190
17050690,26785349
17052868,26424463
17092591,23577154
17100481,11440108
17109821,26090303
17109941,25412900
17113176,26866490
17113769,6272259
17113769,6546442
17115263,12978141
17116562,3063254
17116562,19517511
17116562,25322362
17120641,25677066
17120641,26422302
17125511,723378
17126829,25929149
17132154,25567129
17134972,14905839
17140688,26091031
17140688,26093127
17155887,26218890
17166909,6032099
17181086,10452826
17181319,11745745
17181319,26603798
17195216,21106907
17204887,26272387
17204887,26274814
17210742,26817585
17222151,14554097
17226036,26332930
17232483,20768043
17235525,25893018
17244449,27632355
17244662,10517070
17244662,14441080
17244662,25381397
17246367,9906970
17247686,23131120
17253824,25390543
17267973,25548048
17287308,26327860
17303157,18937086
17303157,25410999
17309939,26750316
17310873,26448383
17318271,25905729
17326124,26416862
17330637,9650623
17341649,14609579
17341649,25543341
17342413,4726979
17344801,25571151
17367140,26694811
17368704,26689168
17391583,7914658
17391583,26278774
17391583,26913964
17391943,25933272
17400281,25697345
17405703,26251879
17405917,2269208
17406562,18758445
17406562,25652275
17406562,26435754
17413494,26625390
17414567,24861430
17419193,27042208
17426221,27156103
17432309,776182
17432309,13204704
17440071,25909615
17440071,25942877
17452465,27049544
17457632,25909921
17459302,8219318
17461181,5469082
17463481,25400707
17473759,5852721
17478299,10354324
17479958,26395162
17480665,18810435
17488810,4612301
17501784,25953430
17512401,25941678
17523344,20876630
17535514,27338536
17546221,19846738
17559264,26196937
17571015,25990665
17583525,12537057
17586752,1315740
17591031,16316448
17609137,25225219
17609188,23220212
17611774,26408401
17615066,11243197
17618232,2582760
17618707,27054444
17627523,23424214
17627721,1426191
17627721,11275906
17638626,19123278
17678513,17839844
17681615,5815261
17681615,8214526
17681615,20836503
17681615,26206098
17683021,25526359
17684432,15347248
17691815,25169861
17703528,16444812
17704139,26760305
17706901,25645805
17709036,26551777
17711478,27636647
17711893,25721159
17722773,21124592
17730034,25451152
17734937,26030780
17735495,11297650
17735495,24999008
17748034,27621997
17754612,26558626
17764108,26859743
17764673,18682009
17765887,26057590
17769854,14184612
17774797,1333377
17778252,26172876
17782165,4281738
17793068,25330786
17793806,27392426
17796272,22215754
17798154,27633024
17807106,27622036
17811868,25896924
17811967,26518834
17818505,5868303
17818505,8796678
17818505,14080046
17822209,26579109
17824902,24856346
17829042,26161986
17845296,20254922
17846231,24719538
17846231,26628902
17850400,25894705
17850738,2245824
17864524,26811238
17877993,25667226
17887185,8391498
17890185,5655094
17893691,26691217
17916297,26614280
17918591,27227549
17923745,26761563
17944993,26295694
17947543,12795916
17966663,18580250
17974288,2279595
17974288,25307481
17975835,23439649
17975835,26027869
17984049,21956090
17986220,26735924
17992703,27631235
17999691,12101867
18012763,7163607
18013926,26680504
18014086,20652547
18014159,25891055
18020325,5643689
18025946,2017797
18025946,2188840
18025946,26382863
18027270,25950265
18038137,218933
18038137,27050887
18043285,8893959
18043285,13700217
18044450,5146205
18061275,26625390
18073290,3878627
18080937,25662396
18080937,26039601
18085868,26394588
18100727,24662163
18114746,27395540
18121114,26759030
18124281,26748423
18132072,17479958
18132072,26395162
18142716,27031898
18147267,15985511
18163647,2676471
18165772,27035611
18166280,25222029
18174965,27364948
18179216,25997026
18200709,26225757
18210395,15493650
18210395,27017664
18213845,26017993
18213962,25449879
18228454,25667391
18240003,24605248
18240950,26442308
18247147,3064409
18256828,26095375
18259173,26209931
18267932,25717258
18270724,27158418
18282695,27635736
18283524,15051102
18283822,25684978
18298742,25890918
18306860,26179848
18311651,17574303
18320612,27548555
18330626,19575196
18330626,26851531
18334414,26405196
18336696,16579980
18336746,27206899
18338385,1665609
18342872,15899205
18346415,25331237
18346816,20722115
18356130,25731337
18356311,25662420
18356311,26200477
18360952,19452351
18373908,26657850
18375829,26435967
18391311,22616119
18394945,25660041
18396636,26759299
18408228,27108814
18419851,26201364
18428455,9699718
18436118,25910069
18442695,1791278
18444901,10636193
18453425,26764447
18454351,23066987
18454351,27164803
18455682,13162153
18459911,20952518
18470960,24106637
18474878,24091868
18476325,25260966
18477685,25160380
18477685,26047319
18480568,27047504
18480568,27633111
18491948,4174468
18494896,14017793
18511501,3662731
18515027,26188969
18518847,3845792
18520330,26867474
18529234,26561986
18544714,13104211
18548613,27381420
18567749,7690985
18568873,4334716
18580897,26908069
18583342,26852149
18587658,26582339
18614787,8526060
18624921,15112157
18627268,12826727
18630364,2825498
18630364,26555211
18647651,26773311
18652676,22168118
18660255,26570450
18662534,12892377
18668856,14526793
18668856,26513284
18693801,26509281
18715418,25958935
18740620,26378794
18743843,17895954
18756746,9421982
18757126,25926375
18758445,25652275
18758445,26435754
18764006,25946066
18766690,26003616
18770671,25398581
18771097,25173636
18778626,13286553
18780137,27205865
18786515,11273706
18790196,4430166
18792364,25898542
18797638,26180847
18800048,27381420
18817522,26173877
18821663,26652775
18825929,26211008
18833641,26773475
18852459,25201351
18855525,27011511
18856129,27625319
18864801,20885623
18873749,12193476
18873749,14277582
18873749,26796267
18876218,16469531
18899781,20130885
18899824,7452872
18899824,25897369
18911340,25528389
18913050,27044424
18916529,26185238
18928640,25880573
18937086,25410999
18951713,25781851
18957151,22654357
18959992,26667775
18962914,26394199
18973737,25301351
18974504,26997095
18988811,27155915
18996626,26399812
18996626,26738989
18997892,10320635
18999964,17352503
19003831,27007885
19007948,15184956
19007948,26499914
19008012,26198371
19016442,21574197
19018671,24315233
19043378,26381905
19045526,23838434
19045526,25992034
19047920,26330503
19047920,27623446
19056890,22904021
19059081,13283554
19059833,6150376
19078588,26879058
19084125,27023019
19096720,25324500
19100730,26088869
19103759,25942595
19117671,26086092
19133961,14526629
19133961,25200941
19144619,25542369
19148085,25427654
19148665,5108349
19150689,19317314
19159236,22462375
19162265,25412724
19162265,25722296
19165048,26154890
19168598,25423428
19181777,11331687
19191170,26029620
19193468,4409817
19202056,25394420
19202056,25646723
19210313,27100339
19221258,26210510
19223676,25924914
19238331,25564609
19240669,26048444
19256869,27027180
19258196,26198923
19258196,26520432
19261103,1652600
19261103,25945699
19267992,27497546
19275200,25672558
19275200,27038468
19283912,12796399
19288626,25244380
19288626,25317065
19294681,26900370
19296238,26896252
19304646,17090378
19305065,27626748
19305065,27628746
19307155,27247575
19318641,19211130
19321916,25587674
19322073,10861748
19326331,26282046
19347385,6209714
19347385,26228476
19353962,16590704
19385747,26223566
19420137,25574141
19427161,26027900
19433444,27106967
19443371,26744141
19465865,27624703
19493461,26019886
19493691,25401407
19493691,26663353
19494169,25442032
19498092,9130819
19498092,27026308
19500140,6481319
19515736,18515027
19515736,26188969
19517455,25547202
19517511,25322362
19535454,7268327
19540279,8691027
19547371,3212753
19547922,25536196
19549127,4491848
19566957,19012159
19567202,16896565
19575196,26851531
19575787,25442814
19596533,25375913
19596858,26602599
19597186,26442406
19602062,25481055
19606060,1862177
19606060,25381390
19606060,25773300
19606060,26724843
19621981,18663567
19622182,19887739
19642681,26229930
19645137,25469847
19657888,25915777
19668254,26387718
19671000,10479636
19676255,27037856
19679534,20150358
19679534,26643127
19680906,25281622
19689066,10618811
19689598,26648573
19698036,9273048
19709532,26544060
19711637,7249556
19712086,16102545
19717100,1192261
19717402,14241755
19717402,25775272
19719618,25342237
19725897,26648573
19747975,3130625
19747975,18018277
19747975,27568788
19748582,26506004
19752543,25653729
19760140,27489191
19775406,26197308
19804536,26340225
19809845,26017122
19816440,14626435
19824895,4027832
19831549,13779046
19835050,26251378
19849374,1949692
19857189,26408380
19859558,27010786
19861326,17262796
19865712,25675537
19869787,26169715
19872609,21866373
19878714,7043078
19879109,26989734
19882354,6703308
19918648,17901773
19933409,26175511
19949520,19134687
19954131,25567664
19959571,26875706
19977790,18414322
19981893,6332222
19982634,25311605
19984664,20085164
20003556,26094317
20004430,2260
20016088,18412876
20020267,26036629
20024873,12869539
20024873,25944217
20025976,26409709
20026547,26016694
20042976,26093716
20046224,25589503
20049053,25192235
20067422,13254812
20067422,25409051
20069520,25208501
20069520,26750785
20070587,26002783
20070587,27100099
20086854,8700645
20109014,25667242
20109120,26196455
20112715,22466754
20115433,25263427
20119050,4838103
20119050,26991178
20150358,26643127
20163375,1029597
20173169,4543221
20175001,3555243
20175001,25167980
20181300,25953588
20183879,2371905
20183879,26680352
20185024,26843058
20195608,10887888
20200005,27115801
20200005,27207610
20201509,26341080
20208895,25197578
20213637,27184382
20219873,16184326
20221763,25224642
20221763,26799200
20222355,25376859
20227662,17512920
20258037,19240669
20258037,26048444
20258613,26846437
20267118,25948390
20273560,18662764
20290843,16450260
20290843,26435160
20293467,3691810
20301892,8521357
20304423,25393957
20306931,8130787
20308274,15957384
20308274,26361639
20313704,26711267
20326689,25544587
20334207,26449939
20339333,26512684
20342509,26562910
20351343,1835751
20355355,13726077
20355355,14260260
20372907,26812844
20377534,26139133
20390734,26989878
20391027,9092686
20392413,27012827
20398517,26175166
20408997,26034863
20413582,26020555
20424818,12906904
20424818,26384265
20448771,25884743
20448771,25887828
20448984,26726394
20450651,27630488
20451490,25587158
20452864,4571036
20452864,26221942
20453006,16119677
20460709,21853787
20464532,26601859
20467936,10862920
20478916,26203046
20484913,27036913
20495452,17410334
20499889,25451152
20509720,201927
20509720,26351057
20528051,12176721
20528913,25724086
20528913,27000405
20562018,21927870
20564432,17754612
20564432,26558626
20588431,26375710
20593025,26205071
20593555,25882898
20596050,26148398
20596249,26093211
20601120,26889743
20612708,2832790
20612708,26184606
20615954,26397644
20618987,26635038
20628004,26087225
20633155,25573210
20635258,11151665
20638098,10598220
20641142,9444467
20648136,26365326
20668499,11025349
20671225,10625085
20673445,25898532
20679804,19420137
20679804,25574141
20683426,9058038
20689551,4066312
20691241,25264594
20696721,3294324
20698460,26142376
20717366,26419109
20726435,25316330
20741250,21344688
20741250,25937042
20743233,4087563
20748274,26743785
20774472,25195921
20813400,26092476
20831701,27366191
20833593,25999343
20836503,5815261
20836503,26206098
20850131,26809238
20873258,26523175
20874832,25536045
20887093,26250306
20889521,26251841
20889521,26273440
20896664,9443265
20896664,25299680
20896664,26219750
20901289,26857408
20907193,21803447
20907193,27546557
20923050,3695582
20938284,25676895
20939828,26601807
20949153,27207914
20957932,26611602
20970340,26408442
20977556,26665810
20978366,26587626
21004216,8409119
21006561,25450270
21006561,26558945
21007851,25670882
21041604,27407058
21053412,25259632
21059548,25241966
21062843,18920878
21064381,26432462
21079950,25644506
21082324,25402671
21082324,26671903
21082638,25920918
21084771,18780533
21088917,25901764
21091092,12419528
21108741,25334501
21115236,429036
21124202,25946423
21128236,25891805
21137303,9458888
21149480,13606542
21151044,25684663
21151678,22467542
21156278,23530419
21165071,3141677
21172044,27630416
21172369,9676638
21178019,15124093
21183348,25167311
21185380,26891055
21188135,517989
21192954,162182
21192954,26579257
21195707,16259689
21208189,27623746
21214670,17764108
21214670,26859743
21221179,26181143
21231362,4767539
21233427,26168430
21249966,26580160
21254213,1852042
21256198,25771618
21258972,4893576
21259964,26383804
21261737,4199899
21271872,8002772
21271872,9835919
21289501,27014122
21291880,25188198
21297606,27210718
21307253,25232734
21322544,4093136
21325968,25570708
21325968,26430153
21327525,7182525
21344688,25937042
21349436,26444797
21349848,26273237
21356982,18246891
21365354,2357
21374322,6959338
21377970,26750426
21382577,26625330
21395338,26289771
21397125,26187078
21418296,26505746
21419921,26724167
21420424,25674245
21429181,26225266
21445715,26512642
21454611,6067108
21459635,26413890
21469706,16227103
21472572,22246453
21472572,25313677
21475355,14054598
21490781,26381838
21508660,25718160
21513976,27216032
21521726,25268740
21521726,26086987
21533394,26401065
21533451,26744861
21536111,12099715
21537784,25223007
21552220,23787535
21556512,27213350
21564877,26120713
21573202,12011703
21573202,26594173
21580966,27396654
21592361,11508464
21626732,27186650
21629846,26761422
21632921,2995087
21642061,26774579
21642832,878066
21656147,6694532
21667375,25693792
21668798,27622082
21672827,27010922
21682642,8737627
21691248,26444626
21697859,23816022
21700994,11534148
21703722,13779046
21703722,19831549
21710188,26502346
21718352,26064898
21721735,25270428
21724883,25277409
21726094,26219845
21729565,22263976
21733760,26228890
21740933,25646337
21742487,12277921
21749033,14362211
21749033,25250690
21754724,10842391
21754724,22826391
21755953,21662347
21757750,25567257
21758404,25948390
21772946,26160217
21782602,15414258
21784281,6121165
21787254,26118820
21787847,25289680
21787847,26773772
21792869,5369980
21792869,15094663
21801681,25728109
21803447,27546557
21806605,10230096
21812751,26335552
21816166,25179858
21835430,10440051
21835430,25677850
21841422,25570220
21850805,26879073
21854898,18373908
21854898,26657850
21856627,25583065
21862187,11207706
21862187,25312622
21864543,26601581
21868706,27622016
21869224,8983112
21875384,26834841
21900501,10452826
21900501,17181086
21901745,27233341
21902833,25918249
21910441,8024632
21912243,10107406
21916799,2975999
21919596,18225951
21936666,26624828
21945472,26427496
21966784,27026284
21973565,26805221
21998242,25774909
21998242,25775199
22002030,26057967
22002030,26059029
22015330,26570065
22055131,16475137
22055131,26392242
22082945,25774844
22101917,25947744
22117382,7469000
22117382,13953837
22122044,26401276
22125472,8723384
22129606,26872462
22149626,11714665
22155527,4190571
22161589,26314093
22168391,8089869
22168391,17298905
22175773,26266159
22176820,26221968
22179223,20539578
22184924,26032448
22185999,25354617
22186309,26201815
22188022,1770909
22209592,11744296
22216944,13262204
22222582,14362211
22222582,21749033
22222582,25250690
22228046,2927546
22228046,3028499
22239202,18258453
22240456,19062624
22242786,22554454
22246453,25313677
22264394,26361785
22267412,26352146
22273624,8715300
22273624,26389902
22289698,27632527
22293720,27045272
22295654,27164925
22301004,25696414
22302236,27396510
22303217,8544356
22304135,25536072
22305324,18425230
22331591,26503799
22331591,27250745
22336856,25859130
22337699,16074349
22337699,25730236
22337699,26848066
22341974,25323355
22342375,9663853
22346448,9646810
22346448,22833725
22346448,26555206
22364432,4091717
22364802,17463481
22364802,25400707
22371706,27024763
22376109,21348684
22380860,25260096
22380860,26508329
22382268,26338318
22382268,26992751
22387933,25224504
22394462,25168000
22397606,26630917
22398940,26397218
22400075,26157130
22420015,9751791
22436869,26396508
22437937,26628015
22447437,18354142
22447780,27340526
22470332,25726342
22475582,26512843
22476590,26889559
22500366,26778951
22512417,26110032
22517389,26503938
22517699,27041795
22518659,10985544
22518659,26744857
22521914,6018986
22545960,12297260
22558069,26023582
22560581,25924390
22562034,26560640
22574946,26028926
22587868,25269710
22592462,26170729
22592516,25527604
22608511,26196513
22610936,26414279
22613091,26833572
22625392,17383956
22627604,11463697
22636470,25316990
22640476,27627377
22654770,26016908
22655420,27628273
22658168,25696054
22663877,26429291
22668812,26817569
22669579,16940192
22677283,25179636
22687630,1819530
22687630,6676808
22714511,4022855
22720548,25425441
22728424,26505395
22730044,1433473
22758706,1798493
22761243,9987319
22763935,16403119
22764677,13527048
22764677,26209344
22771096,26577472
22774107,12051448
22789093,25658022
22799674,7286850
22799674,8055649
22799674,16601552
22807062,3801157
22810306,26131587
22814468,4137533
22814468,25650446
22833725,9646810
22835772,27181167
22836530,4462166
22836530,26520129
22844175,26022414
22845440,27025805
22846110,27394809
22846294,27633712
22846916,26122362
22873969,26013258
22882853,3898704
22882853,15583245
22883498,19747975
22883498,27568788
22887095,22228037
22893453,26031342
22916057,25548475
22916914,14914848
22916914,26363690
22929074,9222508
22935854,26431739
22947273,9150643
22965734,4273423
22967632,25153639
22967632,25645510
22969661,25662038
22991065,27026898
22993759,14172340
23001909,9218052
23006020,25655251
23018089,26858172
23026344,8959608
23031121,7595046
23032411,10676199
23032496,8231531
23044571,3464855
23046027,12265592
23046027,16499866
23050561,26126407
23057756,10377623
23062739,12179558
23066715,26848611
23066987,27164803
23074644,9232608
23077409,23953064
23092258,26198892
23092620,19016442
23092620,21574197
23095441,26871067
23097912,9752193
23097912,27045238
23100519,1063852
23108773,15015041
23118004,26341250
23118713,2275810
23129059,25730147
23135896,7525402
23167850,9467362
23175357,336518
23178998,26039413
23185062,11551712
23185062,25666186
23190976,26408190
23196969,24315233
23206458,20029207
23225007,10028038
23225007,27635460
23230233,27192288
23232995,26027619
23234174,24000852
23237740,25334204
23242271,18152674
23243806,25588083
23244535,17916297
23244535,26614280
23248590,11119173
23249891,25877873
23252100,6046599
23262793,26059228
23269846,25779389
23272302,26042914
23277453,26826455
23285558,8748378
23301579,26028277
23303679,11454228
23320283,26705445
23333893,26633826
23333893,27632899
23334839,27628343
23337204,26172672
23338819,7876672
23359276,25241300
23372060,26290570
23388029,26433054
23398788,26090275
23404123,4610999
23405939,10443510
23439649,26027869
23449478,25777196
23451956,14857022
23455162,26448683
23475471,20907193
23475471,21803447
23475471,27546557
23479663,26399604
23480485,26718244
23480485,27196830
23483111,26204527
23483275,1543355
23486056,8942406
23486849,4198809
23487931,26175341
23487931,27033028
23497803,27623304
23498237,25895367
23516139,5906333
23516139,9022184
23517018,228653
23517018,26514052
23518860,23355330
23525126,9833687
23525126,20242777
23542673,25730152
23551458,26725426
23568284,4705881
23573860,18153326
23599269,27238236
23615820,25315603
23618261,14138248
23620535,25986556
23631083,26213287
23631083,27340578
23631083,27354102
23631839,26016940
23631839,26896989
23632324,21163834
23634553,25356362
23649595,24724359
23655299,21520724
23676877,25481231
23692687,9435402
23694635,24645426
23701181,19150689
23701181,19317314
23733967,12385069
23750715,21208189
23750715,27623746
23764620,15402557
23768449,26558163
23770448,26730539
23772748,8999020
23772748,25694798
23781318,15521946
23789716,12538895
23796084,26209114
23800494,19799807
23821030,27189782
23825281,17244449
23825281,27632355
23838434,25992034
23841789,22340947
23854285,19233716
23866575,25268772
23867107,320538
23868756,21556512
23868756,27213350
23871019,25588809
23872935,26176842
23892213,9034256
23892927,25686910
23893208,15152480
23897108,6122663
23897108,25954888
23897884,26423716
23911019,26635197
23912411,18073290
23917756,27538511
23918756,25264264
23918756,26685064
23953005,26434594
23973621,23033757
23979847,25645567
23982079,26417975
23987738,22007371
23987738,27040910
23995237,26764857
24003217,26413011
24003927,9841693
24016208,14382267
24039853,9971069
24044805,25272357
24044887,16770664
24045798,3291118
24045798,22518659
24050951,27113178
24068542,26675184
24076126,26018023
24101750,22396041
24101901,26040420
24128572,25538872
24135012,25405331
24136407,17597327
24143493,21661255
24143928,25538872
24148530,26028755
24162768,26119600
24166106,25686691
24166898,26776262
24180753,9833687
24180753,20242777
24182066,26217277
24199210,25285461
24210846,27039076
24220100,27373089
24221244,25891949
24229660,24478565
24268885,10761623
24276689,3482076
24276689,25273971
24278896,27332320
24280569,1647768
24280613,26224966
24288635,26520007
24297671,26364430
24311829,1332463
24317914,25205747
24333092,26633058
24356484,8838760
24376825,25907383
24376825,27363528
24377546,27339880
24396330,16477685
24415711,7608208
24415711,25675850
24423439,27382689
24425207,25682760
24429018,2661440
24429018,25728246
24431994,12572523
24435343,2240348
24442361,25542070
24454834,25185097
24454834,26709311
24456160,26528910
24463593,25665305
24475245,25388536
24490299,25674716
24494254,6961765
24494254,26675811
24494271,4082015
24499494,25290009
24499494,26413652
24501234,6486993
24513302,25543260
24526377,26698302
24528435,26507319
24531528,19609585
24538778,25698283
24554112,27368063
24570136,26902892
24588834,939179
24596800,26389231
24603593,21501219
24605586,27030949
24609752,26016748
24609752,26662804
24626642,25718439
24627301,25955426
24627301,25957180
24644450,16175422
24645426,25438849
24660490,26644799
24661416,1731676
24666300,5720193
24666300,9649990
24673138,12265592
24673138,16499866
24673138,23046027
24682561,7322204
24700022,27107922
24719538,26628902
24723855,22510544
24727489,26310904
24727489,26326896
24746061,26343118
24753997,25538945
24767190,18791091
24769532,25588504
24775475,26740015
24783382,4971588
24783382,12181685
24797105,1298497
24797634,27578089
24800693,25216740
24800693,25220642
24801107,25881252
24807617,10172472
24809510,15412244
24820524,26437571
24822764,22728007
24823718,26204193
24833021,25693167
24834285,26181694
24839393,25954210
24853147,26860278
24858094,26206651
24860061,27628437
24862067,15844280
24863042,10240440
24866309,8439077
24869808,13265837
24879518,9672961
24879518,26273614
24899222,117286
24899222,8516100
24899222,26001564
24899222,26171410
24902199,27225266
24916206,25292772
24920747,26779387
24929113,10226137
24933127,26890695
24934379,2599675
24945770,17780600
24949786,26094087
24961507,25181468
24963353,25698197
24965148,8326761
24969462,8743227
24969462,26754031
24987527,27629801
24991469,25572447
24992302,25893838
24999671,20112715
24999671,22466754
25153639,25645510
25156645,26343637
25158049,25941354
25160380,26047319
25161883,26172019
25167948,25694498
25167948,26029804
25173372,25936593
25173808,26582103
25176024,26131640
25177034,26207569
25179749,26855076
25179803,25936793
25180765,26615308
25180928,26637138
25182631,25914682
25185097,26709311
25187725,26258443
25187725,26503466
25198360,27635895
25202567,26202811
25204418,27498272
25204469,25902074
25204489,26274433
25208501,26750785
25209327,25587254
25211847,26580890
25216740,25220642
25218521,25648949
25218961,26832293
25220688,26423628
25222301,26548724
25224642,26799200
25229535,25526616
25231126,27340488
25231322,25571160
25231609,26416922
25236560,25888357
25238337,26273453
25238702,26390748
25242769,25732103
25244380,25317065
25246508,26048429
25247804,26400843
25253602,25666864
25260096,26508329
25262430,26630249
25264264,26685064
25267572,27346147
25268293,26910764
25268740,26086987
25270601,26343686
25271413,26567390
25272819,27387424
25275316,25672874
25280090,25681912
25286692,25897813
25288221,25407553
25289589,25688256
25289680,26773772
25289974,25377861
25290009,26413652
25296126,26535751
25299680,26219750
25307481,2279595
25307508,26575876
25326144,26591928
25326144,26599215
25331029,26412040
25332249,26330684
25337897,26064924
25345288,25895473
25345288,27099128
25346943,25427769
25357785,26432110
25361046,25944560
25362620,27053029
25368866,26835731
25371268,25696383
25373743,26622875
25375161,27161672
25376496,26031577
25379910,26685370
25381390,26724843
25385907,20599648
25394420,25646723
25394556,26221584
25397630,26738322
25398383,27621709
25398581,25878950
25401407,26663353
25401830,26624272
25402671,26671903
25404406,26138029
25405835,26999863
25409277,25724134
25412724,25722296
25419775,27626515
25431933,25955941
25437548,27040523
25444206,27576350
25450907,26094670
25451897,25732548
25452436,25722752
25452659,25664287
25468406,25901121
25468457,25662610
25468894,25665341
25469514,26214658
25479145,26220014
25482524,25931295
25482826,26434628
25526077,25905180
25526287,25901664
25527420,26182693
25528226,26382780
25528226,26396049
25528354,27042719
25529476,26193811
25530611,26250285
25531535,25588682
25532593,27343170
25532727,27183454
25533941,27191554
25534061,26513071
25536600,26679781
25536848,26395906
25537294,26663061
25537827,27398905
25539631,25716356
25540325,26413602
25540485,26064924
25542847,25528226
25542847,26382780
25542847,26396049
25544481,26198815
25545041,25770934
25546482,25895409
25547276,27049457
25547283,25939764
25564147,26398507
25565139,25731151
25565192,27036941
25565567,26224958
25567163,25675935
25567163,26194416
25570708,26430153
25571860,26183641
25571866,25654831
25584774,27051273
25585003,25584748
25585209,25732120
25585209,26224448
25585391,27393510
25586381,27055267
25587520,26427393
25590316,26400726
25590707,18899248
25590833,26074620
25590849,25590833
25590849,26074620
25601012,25766248
25601012,27628729
25624291,10354324
25646159,25939922
25647505,25883078
25648704,26215080
25651939,25666786
25652275,26435754
25653602,26395153
25653735,26187856
25657414,26587339
25659454,26039048
25660965,25775734
25662396,26039601
25662496,25895747
25663531,25658288
25665001,26432953
25665273,26720471
25665801,26168437
25667847,25905845
25670779,26190781
25671322,25677727
25672558,27038468
25672605,26412632
25672966,26087477
25675935,26194416
25676751,26203867
25676973,27010440
25677066,26818279
25679089,26214198
25679485,27049098
25680426,25938433
25680716,26408943
25684847,26436266
25684993,25648704
25684993,26215080
25688648,27022490
25689999,26500344
25692719,26222737
25693384,26418812
25693661,26202190
25694498,26029804
25695019,26182605
25718456,26502802
25718756,27165781
25720589,25718262
25724086,27000405
25726312,27041007
25729247,26190947
25729284,25732177
25730236,26848066
25731353,26443085
25732120,26224448
25733823,25935607
25733973,25720959
25765574,25767001
25766248,27628729
25769638,25779560
25769782,26199762
25770150,26028080
25771360,26390891
25774909,25775199
25775333,27046748
25775571,26729413
25780250,26041207
25781825,26422346
25800603,25845411
25803848,25837010
25808989,25936933
25810619,25806413
25815649,25958073
25815736,26824188
25822463,26742755
25828623,25760455
25828813,26042061
25832911,26044808
25835041,26315909
25841803,27242091
25850787,26194315
25851346,25780001
25856630,26198947
25879987,27402068
25880502,26215226
25880875,26387773
25882981,27217867
25883734,25888381
25884552,25884380
25884743,25887828
25886173,26510904
25886481,27108723
25888538,25890501
25892874,26992573
25894171,26414941
25895473,27099128
25898971,26311328
25899500,25916162
25902638,26842927
25907383,27363528
25911711,25899424
25917485,25918678
25917794,26400747
25917991,27026942
25918014,26182077
25918811,25890159
25920603,25933046
25920726,26403814
25921239,26173159
25923848,26190400
25925732,26424027
25926298,27020975
25926958,26390517
25930179,26499226
25933745,27226184
25935125,25905451
25935173,25948837
25935908,25957952
25936690,26392950
25937244,25890460
25940540,26420543
25942877,25909615
25947500,26064623
25948316,26223387
25952154,26032109
25953663,25952417
25953665,26178013
25955426,25957180
25959440,26438364
25961125,26129691
25962323,25961684
25973788,25613533
25976134,26541085
25977404,26066075
25987525,26908033
25987598,26020867
25990639,25255181
25995884,26762933
25996222,26581034
25999072,26185391
26001564,26171410
26002569,26214761
26007005,26192635
26008091,26909486
26011465,26730698
26012149,26871190
26016584,26063990
26016665,26212991
26016748,26662804
26016940,26896989
26022831,26449629
26024214,26442120
26024864,26906963
26031069,26031861
26037857,26188824
26038762,26088767
26038762,27029161
26038802,26030645
26041854,26034089
26044653,26601612
26049912,26049827
26055825,26062312
26057967,26059029
26058426,26091868
26061810,26058157
26063018,26938094
26063683,27186704
26064128,26739338
26064924,25905016
26067949,26067514
26069818,26855680
26069823,26500643
26070462,26072804
26070611,26080719
26073498,26573726
26076023,26070462
26076023,26072804
26076651,25892239
26078786,27633923
26080920,26358241
26082017,26871781
26082773,27625057
26085388,26221006
26085388,26616004
26087227,26093160
26088622,26094980
26091031,26093127
26091800,27634213
26093320,26392888
26105811,26841592
26112818,26172314
26112818,26218476
26129691,26894189
26132641,26389192
26139765,27625249
26143494,26123072
26145158,5538797
26149713,26789905
26150520,27183969
26152722,26088580
26153602,26737938
26153604,26428328
26153693,26169547
26155556,26283395
26155556,26602390
26157102,26611058
26157888,26658029
26158423,26818963
26159519,26950204
26167785,26275106
26172539,27371630
26172870,26251313
26174655,26180995
26175341,27033028
26176019,26206794
26181631,26225814
26183359,26194609
26184547,26215396
26187296,26226869
26194406,27403449
26195680,26214270
26197988,26441518
26200294,26174270
26200518,26177326
26205425,26175979
26205628,26200424
26206430,27631692
26209771,26635936
26209986,26709698
26210117,26202057
26213287,27340578
26213287,27354102
26217928,26216452
26217933,26211476
26218476,26172314
26222172,26215115
26222755,26995471
26223234,26273255
26245501,26242700
26247336,27188999
26247898,27110445
26250327,27628938
26250784,26275549
26251841,26273440
26256540,26257922
26258500,25975532
26265638,26242700
26265638,26245501
26269374,26817975
26269374,26883033
26269783,26402871
26271642,26056446
26274814,26272387
26278774,26913964
26280716,25907246
26282794,26907245
26283395,26602390
26286198,27625556
26286366,26300655
26286736,26706459
26286742,26833887
26288087,27387831
26291703,26894571
26293912,26692057
26296081,26758118
26296249,27229433
26301509,26787358
26305485,26305613
26305527,26827012
26310904,26326896
26312566,26784954
26315481,27212915
26321312,26583279
26327431,26353817
26334846,27041805
26336964,26515699
26338318,26992751
26340317,26521494
26341112,26747633
26341607,26833853
26343372,26695992
26345520,26580525
26345646,26363927
26348186,27100563
26348229,26042008
26348942,26364814
26348942,26926093
26349962,26903054
26352775,27114654
26358231,26121129
26361005,26852221
26362815,26867367
26364814,26926093
26365611,25732219
26365611,26458981
26365953,26533293
26367510,26562282
26369014,26172212
26370935,26376486
26371639,26882389
26382387,26811119
26382780,26396049
26388460,26386174
26388460,26410277
26389424,26386774
26392425,26402305
26393041,26272242
26402711,26192314
26409933,27627882
26410277,26386174
26410508,26444686
26417511,26417313
26419271,26416238
26420913,26451098
26422013,26413450
26423004,26446874
26423121,26208857
26423621,26414553
26429185,27018723
26434094,26449361
26447833,27630561
26448131,26446548
26450361,26435524
26457865,25933647
26458981,25732219
26460682,26872999
26461244,26392541
26498793,26498803
26502459,27625525
26503239,27632804
26503255,26519944
26503698,26511181
26507185,26420447
26509852,26597549
26513796,26523312
26517220,27103746
26517651,26522186
26518451,26507080
26523751,26596447
26529722,26536047
26530290,26506993
26530314,26909161
26534025,26912259
26535988,26528857
26542326,26045175
26546649,26545767
26550822,26046120
26552300,27621092
26556237,27625794
26558567,26681801
26559212,27624445
26561850,26810243
26567786,27578287
26568343,27231605
26578235,27182680
26578969,26940639
26579367,26858304
26580414,26954200
26581644,26634964
26586908,26601913
26591928,26599215
26593268,26600193
26595187,26596858
26597423,26602460
26603471,26597728
26609987,27628967
26614644,26605301
26615742,27014939
26616004,26221006
26617223,27028862
26617649,26609147
26626620,27231922
26643935,27220859
26648112,26635138
26648305,27227618
26663837,26846858
26674210,27161702
26684493,27226402
26687535,26680497
26705285,27386323
26714952,26828172
26718244,27196830
26735482,26841802
26748642,26893950
26767379,26823092
26795342,26883855
26795917,26697882
26808939,27101697
26812893,27020068
26815407,26622459
26817975,26883033
26827947,27161702
26838615,26224958
26848780,27629505
26851784,26777823
26854793,27008776
26871727,27630963
26887605,26996499
26893734,26654323
26900185,27186070
26924339,26929525
26924774,26932430
26924944,27155828
26939916,26924774
26939916,26932430
26943736,26922593
26943736,26950166
26949234,27488609
26950166,26922593
26952095,26937329
26965166,26968056
26966920,26365964
27011751,27022590
27016332,27048804
27025343,27002727
27026039,26191425
27028011,27038729
27039193,27012470
27040226,27040825
27075446,27073277
27075703,26400386
27077245,27110853
27077617,27097900
27085978,27086042
27086707,27101283
27087561,27086443
27101209,27104426
27122938,26382075
27123271,27157251
27123568,26999305
27133872,25952172
27134596,25952172
27134596,27133872
27140064,26933035
27140970,27140877
27144516,27627187
27150334,27150010
27150334,27155227
27155227,27150010
27181142,27236094
27182940,27126561
27186608,27232243
27196671,27234908
27201175,27232347
27207094,27186730
27207094,27213586
27211253,27181142
27211253,27236094
27213586,27186730
27214004,27410249
27216709,27205590
27217686,27235003
27225575,27094529
27228307,27222220
27228891,27239967
27231280,27398042
27236000,27203430
27239349,27627670
27243864,25894542
27249016,27241485
27251520,27228891
27251520,27239967
27253054,27150010
27253054,27150334
27253054,27155227
27330195,27330239
27354102,27340578
27410109,25913908
27412167,27409022
27413972,27408948
27414184,27413911
27423282,27425713
27424859,27425619
27428732,27426506
27428937,27627976
27431453,27431702
27432285,26953349
27480792,27545754
27568933,27474900
27586251,27035338
27586653,26529423
27623140,27622205
27626128,27626809
27626748,27628746
27630570,27627222
27631363,27632980
