"mrun","female","priority","high_performance"
2946,0,1,0
16606,0,0,0
22965,1,0,0
25712,0,1,0
41209,0,0,1
41328,1,0,0
72709,1,0,1
76216,0,1,0
78593,0,1,0
81845,0,0,1
89091,1,1,0
90525,1,1,0
100294,1,1,0
100709,1,1,0
104064,0,1,0
129126,0,0,0
156889,0,1,1
166109,0,1,1
212638,1,1,0
240857,1,1,0
241238,1,0,1
251465,1,1,0
263518,1,0,0
280209,0,1,0
314873,1,0,0
323662,1,1,0
337074,1,0,0
359085,1,0,0
364072,1,1,1
365232,1,0,0
366418,0,1,0
399536,1,1,0
411871,0,0,0
419351,1,1,0
444442,1,0,0
453891,0,1,0
462640,1,0,0
486464,0,1,0
490806,1,0,0
492040,1,1,1
500774,1,0,0
504301,0,0,0
510385,1,1,0
512887,1,0,0
516372,1,1,0
529556,0,1,0
530958,0,1,0
538670,1,1,0
565019,1,1,0
565693,1,1,0
579049,1,1,0
603164,0,0,0
605690,0,0,0
618587,0,0,0
635214,0,0,0
636466,0,1,0
640074,1,0,0
644193,0,1,0
649451,1,1,0
668903,1,0,0
677194,0,1,1
687278,0,1,0
691482,1,1,1
724953,0,0,0
733805,1,0,0
744720,1,0,0
757552,0,0,1
766891,0,0,0
781275,1,1,0
782140,1,0,0
801558,1,0,0
815277,0,0,0
819615,0,0,0
820276,0,0,0
834917,1,1,0
835288,0,1,1
844721,1,1,0
853343,0,0,0
874807,0,1,0
883474,1,1,0
883939,1,0,0
887283,1,1,0
889689,0,1,0
890730,1,1,1
911393,0,0,0
922691,1,1,0
924931,1,1,0
925579,0,1,0
929999,1,0,1
944955,0,1,0
961934,1,1,0
981739,1,1,0
987450,0,0,0
987974,1,0,0
999740,0,1,0
1014717,1,1,1
1019851,1,1,0
1026482,1,1,0
1039370,1,0,1
1043239,0,1,0
1053632,0,0,0
1066572,1,0,0
1090756,1,1,1
1091213,0,1,0
1104148,0,1,0
1128447,1,1,1
1134806,0,1,0
1159528,0,0,0
1160603,1,1,0
1186791,0,1,0
1190569,0,1,0
1191399,1,1,0
1210103,1,0,0
1214765,0,1,0
1217524,0,0,0
1225185,1,1,0
1232100,0,0,1
1239441,0,1,0
1247065,1,1,0
1251879,1,0,0
1252823,1,0,0
1277281,0,1,0
1293124,0,1,0
1293977,1,0,0
1297194,0,1,0
1309606,0,0,0
1321141,1,0,0
1323273,1,1,1
1324547,0,1,0
1332045,1,1,0
1348540,1,0,0
1348695,1,1,0
1355939,0,0,0
1356234,0,1,0
1359009,1,1,1
1360920,0,1,1
1365932,0,1,0
1366898,1,1,0
1375941,1,0,1
1391807,0,1,0
1404194,0,0,0
1405197,0,1,1
1437479,1,0,0
1441930,0,0,0
1456534,0,1,0
1486116,0,1,0
1489193,1,0,1
1496431,0,0,0
1506369,0,0,0
1512389,1,1,0
1527951,1,1,0
1538289,0,1,0
1546920,0,0,0
1551657,1,0,1
1574448,0,0,0
1587397,0,1,0
1589123,0,0,0
1619869,1,0,0
1635902,0,1,0
1638083,0,0,0
1663184,1,0,1
1686724,1,0,0
1700966,0,1,0
1701294,1,0,0
1717805,0,0,0
1732149,0,0,1
1732974,1,1,0
1776121,1,0,1
1806487,1,1,0
1815684,0,0,0
1819006,0,1,0
1819027,0,1,0
1835160,1,0,0
1842193,1,1,0
1842957,1,0,0
1844354,1,0,1
1847482,0,1,0
1854333,1,1,0
1878634,1,1,1
1888810,1,0,0
1894021,1,0,0
1904695,0,0,0
1907424,1,1,0
1924766,0,0,0
1930001,0,1,0
1939722,1,0,1
1940022,1,0,0
1945837,0,1,0
1953365,0,1,0
1956356,0,0,0
1962105,1,0,0
1964844,0,1,0
1965955,1,1,0
1967026,1,1,0
1967855,0,0,0
1968719,0,1,0
1969384,1,1,0
1983019,0,0,0
2003956,1,0,0
2023307,0,0,1
2029079,1,1,0
2035346,0,0,1
2035779,0,1,0
2037386,0,1,0
2042853,1,1,0
2043949,0,0,0
2046020,1,0,0
2052527,1,0,0
2056611,0,0,0
2058430,1,1,0
2061708,1,1,0
2063087,1,1,0
2069154,1,0,0
2070515,1,1,0
2072738,1,1,0
2077054,1,0,0
2081051,0,0,0
2084751,1,1,0
2086800,1,0,1
2091184,1,1,1
2095053,1,1,0
2114243,0,1,0
2137138,1,0,0
2157437,0,1,0
2162833,0,1,0
2168048,1,0,0
2169904,1,1,0
2191139,1,1,0
2192387,0,1,1
2203828,0,1,1
2204327,1,0,0
2206270,0,1,1
2219379,1,0,1
2229578,1,0,0
2232067,1,1,0
2252427,1,0,0
2254096,1,0,0
2258258,0,1,0
2263362,0,1,0
2283458,1,0,0
2286438,0,1,0
2298042,0,1,0
2302324,1,0,0
2306915,0,0,1
2309281,0,1,0
2309442,0,0,0
2311409,0,1,0
2314394,0,1,0
2326344,0,1,0
2347906,0,1,0
2371125,0,1,0
2375985,1,0,0
2376149,1,1,0
2378773,0,1,0
2401170,0,1,0
2410423,0,0,0
2411458,0,1,1
2424784,0,1,0
2434973,1,1,0
2435479,1,1,0
2446191,0,1,0
2447025,1,1,1
2454957,0,0,0
2462414,0,0,1
2462782,0,1,0
2472906,0,0,0
2491892,0,1,0
2502387,0,0,0
2507665,0,1,0
2527486,0,1,0
2550443,0,0,1
2552141,1,1,1
2566455,1,0,1
2566646,1,0,0
2572357,0,0,1
2590198,1,0,1
2608566,1,0,0
2616508,0,1,0
2624064,1,1,0
2626105,0,1,0
2630149,1,1,0
2630445,0,1,0
2653799,0,1,0
2667594,0,0,0
2702638,0,0,0
2705007,0,1,0
2707616,1,1,0
2715200,1,1,0
2720424,0,1,0
2727098,1,0,0
2732201,1,1,0
2763780,1,1,0
2767170,1,0,0
2779587,0,0,0
2785650,1,1,0
2790926,1,0,0
2796696,1,1,0
2806680,0,1,1
2820258,1,1,0
2830827,0,1,0
2835533,0,0,0
2860346,0,1,0
2911392,1,1,0
2913798,0,0,0
2918855,1,1,1
2926664,0,1,0
2948894,0,0,0
2951071,0,1,0
2995131,1,1,0
3006916,1,1,0
3027246,0,1,0
3054560,0,0,0
3058671,1,0,0
3060825,0,0,0
3062415,1,0,0
3075315,1,1,0
3085572,0,0,0
3120117,0,1,0
3124333,1,0,0
3138005,0,1,0
3145956,0,0,0
3148353,0,1,0
3158086,0,0,0
3168939,0,0,0
3188563,1,1,0
3201105,0,0,0
3226844,1,1,0
3227415,1,1,0
3247610,1,0,0
3255643,0,1,0
3258337,0,1,0
3272130,0,1,0
3296376,1,1,0
3310562,0,0,0
3319410,1,0,1
3324001,1,0,0
3330253,0,0,0
3331215,0,0,0
3349229,1,1,0
3370595,1,0,1
3376797,1,1,0
3392193,1,1,0
3400003,0,0,0
3407736,0,1,0
3420468,1,0,0
3434212,1,1,0
3436832,1,0,0
3438754,0,0,0
3443956,1,1,0
3452160,0,0,0
3464811,1,1,0
3475674,1,1,0
3478971,0,1,0
3480084,0,1,0
3488009,0,1,0
3490186,0,1,0
3491311,1,0,0
3493322,0,1,0
3495885,0,0,1
3499601,0,0,0
3515232,1,1,0
3516532,1,1,0
3516655,0,1,0
3532272,0,0,0
3548337,1,1,0
3549633,0,0,0
3558377,1,1,0
3559565,0,0,0
3563157,0,1,1
3576347,1,0,0
3578147,1,1,0
3602751,1,1,0
3603399,0,1,0
3640852,0,0,0
3644466,1,0,0
3648104,0,1,0
3648803,0,1,1
3649797,0,0,0
3656375,1,0,0
3662358,0,0,0
3667536,1,1,0
3672194,1,0,0
3688398,0,1,0
3689598,1,0,0
3693361,1,1,0
3695019,1,0,0
3696140,1,0,0
3698552,0,0,0
3712788,0,0,0
3719311,1,1,1
3723611,0,1,0
3731413,0,1,0
3762588,1,1,0
3766585,0,0,0
3782332,0,0,0
3794911,1,0,1
3799455,1,0,1
3804336,0,0,1
3810701,0,0,0
3823555,1,1,0
3826789,1,0,0
3853300,0,1,0
3859967,0,1,0
3899789,0,1,0
3904572,1,1,0
3907536,0,0,0
3921019,1,0,1
3923175,1,1,0
3923491,0,1,0
3926839,0,1,1
3930927,1,1,0
3947893,0,1,0
3953008,1,1,0
3953791,1,1,0
3955528,1,1,0
3958347,1,1,1
3964499,1,0,0
3971977,0,0,0
3976180,0,1,1
3989069,0,1,1
3989499,1,0,0
3994344,1,0,0
3994769,0,0,0
3999696,1,1,0
4011344,1,0,1
4023821,0,1,0
4030915,1,1,0
4031835,0,0,0
4033264,0,1,0
4047676,1,0,1
4068331,0,1,0
4072526,1,1,0
4074329,0,1,1
4094412,1,0,0
4109910,0,1,1
4130530,0,1,0
4135793,1,1,0
4138357,0,1,0
4138972,0,0,0
4152797,1,1,0
4162512,1,0,1
4192191,0,1,0
4193992,0,1,0
4202319,0,0,0
4205229,1,0,0
4208960,0,1,0
4212508,0,1,0
4217785,0,1,1
4230441,0,0,0
4237043,1,1,0
4242508,1,0,0
4268727,0,0,0
4270174,0,1,0
4303008,0,0,0
4314202,0,1,0
4318514,0,1,0
4320398,0,1,0
4334268,0,1,0
4339411,0,0,0
4341885,0,0,0
4358469,1,1,0
4372352,1,1,0
4379901,0,0,0
4380140,1,0,0
4383882,0,0,0
4385808,0,0,0
4393236,1,1,0
4397554,1,1,1
4398116,0,1,0
4399328,0,0,0
4410171,1,1,0
4451508,1,1,0
4455781,0,1,0
4455841,0,0,0
4470309,1,0,0
4470513,0,1,0
4477602,1,1,0
4485889,1,0,1
4492622,1,1,1
4499823,0,0,0
4504381,1,0,0
4521982,0,0,1
4529631,1,1,0
4578490,0,1,0
4587828,0,1,0
4590109,1,1,1
4606655,0,0,0
4639528,0,1,0
4640747,1,0,0
4644311,1,0,0
4668459,1,1,1
4697702,1,1,0
4699852,1,1,1
4735839,1,1,0
4751450,1,1,0
4755148,0,1,0
4762483,1,1,1
4785334,1,1,1
4787721,0,1,0
4791873,0,1,0
4798883,1,0,0
4811803,0,0,0
4833050,1,1,0
4834136,0,1,0
4840037,0,0,0
4849431,1,1,0
4859723,0,0,0
4861623,1,1,0
4880818,0,0,0
4884176,0,0,0
4895215,1,0,0
4903994,1,0,0
4922280,0,1,0
4936149,0,0,0
4946379,1,0,0
4981670,0,1,0
4989386,1,0,0
4999910,0,1,1
5001213,0,0,0
5016146,0,1,1
5020897,0,1,0
5043643,1,0,1
5046407,0,0,1
5070788,1,1,0
5091273,1,0,0
5111857,1,0,0
5159287,1,0,0
5160798,0,1,0
5185621,1,1,0
5189713,0,0,1
5190636,0,1,0
5198711,1,1,0
5203199,1,0,0
5210714,0,1,0
5249237,1,0,1
5261691,0,1,0
5263888,1,1,0
5270152,1,1,1
5334666,1,0,0
5341643,1,0,0
5341789,1,0,0
5344244,0,1,0
5349577,1,1,0
5371780,0,1,0
5377886,1,1,0
5401023,0,0,0
5402372,0,1,0
5414813,0,1,1
5415080,1,1,1
5417955,0,1,0
5419884,1,1,0
5480774,1,0,0
5488318,1,0,0
5495537,1,1,0
5499596,0,1,0
5520010,1,1,0
5521140,1,0,0
5522756,0,1,1
5526928,0,1,0
5538797,0,1,0
5568022,0,1,0
5577551,0,0,0
5593164,0,0,0
5595286,1,0,1
5603940,1,1,0
5616176,0,0,0
5616853,1,1,0
5623917,1,0,0
5629226,1,1,0
5635373,0,1,0
5637680,0,1,0
5638900,0,1,0
5661452,0,0,0
5666829,1,1,0
5687623,0,0,0
5699368,1,1,0
5704360,0,1,1
5715477,0,0,0
5731762,1,0,0
5735440,1,0,0
5746689,1,0,0
5755441,1,1,0
5757628,1,1,0
5758360,1,1,1
5774766,1,0,1
5795128,0,0,1
5799710,0,1,0
5805545,1,1,0
5809761,1,1,0
5838771,1,0,0
5846833,1,0,0
5849749,0,1,0
5860191,0,1,0
5878349,1,0,0
5887070,0,0,0
5902044,1,0,0
5914906,0,0,0
5925022,1,1,0
5935075,1,1,0
5940524,0,1,0
5943272,1,0,0
5945413,0,0,1
5952432,1,1,0
5961933,1,1,0
5962313,1,1,0
5973910,0,1,0
5990152,0,1,0
6010357,1,1,0
6013707,1,1,0
6015247,1,0,0
6023629,0,1,0
6028632,1,0,0
6029144,0,1,0
6032099,0,0,1
6047508,0,1,0
6049278,1,1,0
6049947,0,0,0
6055598,0,0,0
6068027,1,0,0
6078618,0,1,1
6090016,0,1,0
6137639,0,1,0
6153195,1,0,1
6158494,0,1,0
6167189,0,0,0
6175957,1,0,0
6185587,0,1,1
6203584,1,0,0
6208274,0,1,0
6219035,1,0,1
6220402,1,1,1
6221451,1,0,0
6236141,1,0,1
6241332,1,1,1
6242155,0,0,0
6244522,0,1,1
6250465,1,0,1
6250542,0,0,0
6254972,0,1,0
6255780,0,0,0
6269623,1,1,0
6293857,0,1,0
6323531,0,1,0
6341033,1,1,0
6342999,0,0,0
6359649,0,0,1
6362207,1,1,0
6369206,0,1,0
6370459,1,0,1
6371528,1,0,0
6375974,1,0,0
6385947,1,1,0
6387264,1,0,0
6399069,0,0,0
6403552,1,1,0
6403918,0,0,0
6412118,1,1,1
6421468,0,1,0
6422954,1,0,0
6427665,1,1,0
6435710,1,1,1
6474141,0,1,0
6492375,1,1,0
6497899,0,1,0
6520187,1,1,0
6525428,1,1,0
6528185,0,1,0
6532712,0,0,0
6541901,1,0,1
6550804,0,0,0
6551483,1,0,1
6560854,0,0,1
6567657,1,1,0
6574233,1,0,0
6591818,1,0,0
6600372,0,1,1
6615241,1,0,0
6616186,1,0,0
6619334,1,1,0
6635165,0,1,0
6641878,0,0,0
6646169,0,1,0
6649413,0,0,0
6685956,0,0,0
6692779,1,0,0
6698919,0,0,0
6705277,1,0,0
6709771,0,0,0
6716935,0,0,0
6734656,1,0,1
6754922,0,0,0
6798275,1,1,1
6821492,1,1,0
6838478,0,0,0
6839942,0,1,0
6845226,0,1,0
6861834,0,0,1
6866109,0,1,0
6866565,1,1,0
6868167,1,1,0
6874692,1,1,0
6874900,0,1,1
6895106,0,0,1
6895147,1,1,0
6901459,0,0,0
6904046,1,0,0
6904982,0,0,0
6920047,0,1,0
6926927,1,0,0
6932929,0,0,0
6935718,1,1,0
6953940,0,1,0
6955286,1,1,0
6956404,0,1,0
6966777,1,1,0
6968821,1,0,0
6970219,0,1,0
6982298,1,0,0
6982461,0,0,0
6986169,0,0,0
6995330,1,0,1
7009276,0,1,1
7022981,1,1,0
7023373,1,1,0
7028032,1,1,1
7051199,1,1,0
7055168,0,1,0
7060560,1,1,0
7062771,0,0,0
7065999,1,1,1
7071274,1,0,0
7097546,0,1,1
7111817,1,0,0
7122674,1,0,0
7133923,1,0,0
7147382,0,1,0
7149521,0,0,0
7151395,1,1,0
7163116,0,0,0
7183293,0,0,1
7183956,0,0,0
7185120,0,1,1
7194634,0,0,0
7195803,1,1,0
7217994,1,1,0
7219617,1,1,0
7223711,0,1,0
7225203,0,1,1
7227830,0,1,0
7241002,0,1,0
7241178,1,1,0
7243249,0,0,0
7260809,0,1,0
7270306,0,0,1
7272881,1,0,0
7276125,0,1,0
7278580,0,0,0
7284298,0,1,0
7294182,0,1,1
7307883,0,1,0
7309514,0,1,0
7309871,1,1,0
7316208,0,0,0
7330330,1,0,0
7341266,1,1,0
7341923,0,0,0
7362405,0,1,1
7368709,1,1,1
7378823,1,1,0
7379444,1,1,0
7383688,1,0,0
7395839,0,0,0
7395843,1,0,0
7396443,0,1,0
7396630,0,0,0
7396861,0,1,0
7401395,1,0,0
7413952,1,0,0
7427919,0,1,0
7428258,1,0,1
7438683,1,1,0
7452326,1,1,0
7458657,0,0,0
7473859,1,0,0
7481005,0,1,0
7486300,1,0,0
7494449,0,1,0
7502450,1,0,0
7512056,0,0,1
7522919,0,0,0
7528202,0,1,0
7531370,1,1,0
7536187,1,0,0
7557923,0,1,1
7564487,1,1,0
7571313,1,1,1
7579931,1,1,0
7581968,0,0,0
7605506,1,0,1
7606962,0,1,0
7609147,0,0,0
7641301,0,0,0
7641553,1,1,0
7642905,1,1,0
7649965,1,1,0
7672494,1,0,0
7686065,1,0,0
7687394,1,1,1
7687438,0,1,0
7697595,1,0,0
7701322,1,0,1
7715714,0,1,0
7718030,1,1,0
7724623,0,0,0
7738829,1,0,1
7742533,1,1,1
7771568,1,0,0
7791220,0,1,0
7812388,1,1,1
7818728,1,1,0
7823557,0,1,0
7827010,1,1,0
7827141,0,0,0
7834139,1,0,0
7839625,0,0,0
7840085,1,1,0
7847322,1,0,1
7856392,0,0,0
7859738,0,1,0
7866051,0,1,0
7884603,0,0,1
7886796,1,1,0
7893862,1,1,0
7897918,0,1,0
7899332,0,1,0
7925502,0,1,0
7934652,1,1,0
7945003,1,1,1
7956363,1,0,1
7956930,1,1,0
7959122,1,0,0
7991650,1,0,0
7996744,1,1,0
7997820,1,0,1
8003645,0,0,1
8006686,1,0,0
8035860,1,1,0
8040035,0,1,0
8042057,1,1,1
8048934,1,0,0
8049327,0,0,0
8074111,1,1,0
8079888,0,1,0
8084588,1,1,0
8098429,0,0,0
8101316,0,1,0
8106902,0,0,0
8107566,1,1,0
8119215,0,0,0
8125217,1,0,1
8138879,0,0,1
8142927,0,1,1
8143007,1,1,0
8145365,0,1,0
8148718,1,1,0
8149233,0,1,0
8166494,0,0,0
8195012,1,1,0
8200227,1,0,0
8200391,0,0,0
8214860,0,0,0
8219760,1,0,1
8220763,1,0,0
8224618,1,1,0
8229173,0,1,0
8232004,1,1,0
8232978,0,1,0
8233850,0,0,0
8241380,0,1,0
8293137,0,0,0
8306023,0,0,0
8313893,1,1,0
8319218,0,1,0
8336753,1,1,1
8338976,1,1,0
8343645,0,1,0
8365103,1,0,0
8380967,1,0,0
8381823,1,0,0
8391724,1,0,0
8403216,1,1,1
8408639,1,1,0
8410820,0,1,0
8412037,0,1,0
8413292,1,0,1
8414777,0,1,0
8415218,0,0,0
8418783,0,1,1
8433649,1,1,1
8435557,1,1,1
8438285,0,0,0
8447316,1,1,1
8455797,0,0,0
8487453,1,0,0
8488409,1,0,0
8510946,1,0,0
8524089,0,1,0
8524196,1,0,0
8526432,1,1,0
8526815,1,0,1
8546102,0,0,0
8574022,0,1,0
8592097,0,1,0
8593070,0,0,1
8595585,1,0,0
8597539,1,1,0
8603043,1,1,0
8603873,1,1,0
8604159,0,0,0
8615640,0,0,0
8617892,0,0,0
8622265,1,0,0
8623107,1,1,0
8630358,1,0,0
8635072,1,0,1
8643166,0,1,0
8646376,0,0,0
8660693,0,1,1
8667753,0,0,1
8668632,0,0,0
8689597,1,0,1
8691914,0,0,1
8707213,1,0,1
8708289,0,0,1
8725949,0,1,0
8738225,1,1,0
8746428,1,0,0
8782191,0,0,0
8811477,0,0,0
8824156,1,1,0
8838966,1,1,0
8839576,1,0,1
8845565,0,1,0
8856154,0,0,0
8862513,1,1,0
8898869,1,0,1
8909458,1,0,0
8912174,1,0,0
8923833,1,0,1
8928583,1,0,1
8932659,0,1,0
8967818,1,1,0
8968539,0,1,0
8973577,1,1,0
8991337,0,1,0
9030772,1,0,0
9035094,0,0,0
9035941,0,1,0
9041277,1,0,0
9042966,1,1,0
9053017,1,1,0
9054961,0,1,0
9086116,0,1,0
9088552,0,0,0
9090210,1,1,1
9126702,0,0,0
9142133,1,0,1
9150954,0,0,0
9164497,1,0,1
9166999,1,1,0
9171183,1,0,0
9171791,0,1,0
9180835,1,1,0
9183527,1,1,0
9202423,0,1,0
9213012,0,1,0
9218281,0,1,1
9219693,0,0,1
9242369,1,0,0
9251956,0,0,0
9260785,1,0,0
9268537,0,1,0
9283885,1,0,0
9302522,1,1,0
9304598,0,0,0
9306226,1,1,0
9319493,1,1,0
9323678,1,0,0
9355925,0,1,0
9374631,1,1,1
9374667,1,1,0
9391585,1,0,0
9404877,0,1,0
9412931,0,0,1
9416860,1,1,0
9433084,0,1,0
9446643,0,1,0
9469290,1,0,1
9484817,0,1,1
9510846,0,1,0
9524440,1,1,0
9536838,1,1,0
9537295,0,1,0
9546610,0,0,0
9551904,1,1,0
9554845,1,0,1
9590892,1,0,0
9601280,1,1,0
9604652,1,1,0
9622405,1,1,0
9629295,0,1,1
9632712,0,0,0
9649614,1,0,0
9650206,0,1,0
9667037,0,1,0
9678319,0,1,0
9699513,0,0,1
9704818,0,1,0
9706574,1,1,0
9708964,0,1,1
9736915,1,1,0
9759640,1,1,0
9759937,1,0,0
9769559,0,0,1
9771761,0,1,1
9774491,1,0,0
9790990,1,0,0
9793250,1,1,0
9799854,1,1,0
9801498,1,1,1
9804150,1,1,0
9826261,1,0,0
9829836,1,1,0
9831259,1,0,0
9839533,1,1,0
9851758,0,1,0
9865383,0,1,0
9878797,0,0,0
9900366,1,0,0
9906594,1,0,0
9907798,0,0,0
9948608,1,1,0
9958052,0,1,0
9974176,0,1,0
10011373,1,1,0
10013769,1,0,1
10013893,1,1,0
10018589,0,0,1
10027196,1,1,0
10027276,0,1,0
10038182,1,1,0
10048251,0,1,0
10052348,0,0,1
10055151,0,1,0
10071087,0,1,0
10077521,0,1,0
10077889,1,0,1
10096371,1,1,0
10098798,1,1,0
10100422,0,0,0
10101127,0,0,0
10122736,0,1,0
10125433,0,0,0
10137940,0,0,0
10163061,0,1,0
10171159,1,0,1
10174874,1,1,0
10179186,0,1,0
10181693,1,0,0
10190059,1,0,1
10203073,1,1,0
10204234,0,0,0
10204907,1,0,0
10226355,1,0,0
10249986,0,0,0
10251771,1,1,0
10256647,1,0,0
10270649,1,0,0
10286107,1,0,1
10297629,1,0,0
10309536,0,0,0
10312123,0,1,0
10314775,0,0,0
10324377,0,1,0
10331738,0,0,0
10335471,1,1,0
10339942,0,0,0
10348202,0,1,1
10349023,0,1,0
10354125,0,1,0
10363466,0,1,0
10377455,0,0,1
10386053,1,1,1
10392485,0,1,0
10395144,0,0,0
10399536,0,1,0
10414642,0,0,0
10430537,0,0,0
10433016,0,1,0
10443839,1,1,0
10453336,0,0,0
10461563,1,1,0
10466429,0,1,0
10478063,1,0,0
10485348,1,1,0
10488606,0,0,0
10520590,0,1,0
10538767,0,1,0
10554036,0,0,0
10559046,0,0,0
10560598,0,0,1
10561261,0,0,0
10569513,1,0,0
10578176,0,1,1
10579252,1,0,0
10591301,1,0,1
10596130,0,0,0
10612459,1,1,0
10616742,1,0,1
10619959,0,0,0
10626436,1,1,1
10626883,1,1,0
10627159,0,1,0
10644476,1,0,0
10645922,0,0,0
10664642,0,1,0
10670423,0,1,0
10670909,1,1,1
10673421,1,1,0
10674513,0,1,1
10678473,1,0,0
10702027,1,1,0
10702589,0,0,0
10724181,1,0,0
10735587,1,0,0
10739878,0,0,0
10742266,0,1,1
10745281,0,0,0
10754809,0,1,0
10755296,0,1,0
10770033,1,1,0
10776840,1,0,0
10781888,0,1,0
10791276,1,1,0
10824302,0,1,1
10824459,0,1,0
10838862,0,0,0
10840010,0,1,1
10845063,0,0,0
10854515,1,1,1
10858701,0,0,0
10884401,1,1,0
10905104,0,0,0
10912781,1,0,0
10929156,0,0,0
10943904,0,1,1
10973885,1,0,1
10977844,1,1,0
10995174,1,0,0
10995751,0,0,1
10998102,1,1,0
11005055,0,1,0
11028494,1,0,0
11034768,0,0,0
11042096,1,0,0
11048724,1,1,0
11052928,1,0,1
11067829,1,0,0
11069064,0,0,0
11098624,0,1,0
11115816,1,1,0
11122653,0,1,0
11133674,0,1,0
11136539,1,0,0
11143912,0,1,0
11146313,1,0,1
11154999,0,1,1
11155369,1,1,0
11156880,1,0,0
11161817,0,0,0
11179027,0,1,0
11192972,1,1,0
11202017,0,0,1
11215554,1,1,0
11219850,1,1,0
11219992,1,0,1
11232224,0,0,0
11241119,1,1,0
11245475,0,1,0
11246727,0,0,0
11247885,0,0,1
11250268,0,1,1
11279378,1,1,0
11281114,0,0,0
11294474,1,1,1
11295708,1,1,1
11297883,1,0,0
11304922,1,1,0
11337057,0,1,0
11341576,1,0,0
11370507,0,1,1
11383571,0,1,0
11384253,1,0,0
11398917,1,1,0
11399414,1,0,0
11405806,1,0,0
11418772,1,0,0
11431707,0,1,0
11449897,1,0,0
11452942,1,1,0
11461761,0,1,0
11478863,1,1,0
11479107,1,0,1
11495911,1,0,0
11500939,0,0,0
11501611,0,1,0
11513759,0,0,0
11529917,0,0,0
11539882,0,1,0
11549680,0,0,0
11599905,1,1,0
11600421,1,1,0
11607980,0,0,0
11610549,0,1,0
11623514,1,1,0
11642855,1,0,0
11644429,1,1,0
11645560,0,1,0
11646764,1,1,0
11652206,0,0,0
11662077,0,0,0
11674326,1,0,0
11678441,1,1,0
11691460,0,0,1
11692185,1,1,1
11692425,1,1,0
11735561,1,0,0
11737174,0,1,1
11741410,1,0,0
11752829,1,0,0
11770406,1,0,0
11775622,1,1,0
11780480,1,0,0
11786417,1,1,0
11801642,0,0,0
11821138,0,0,0
11830331,0,0,0
11837899,0,1,0
11857158,1,1,0
11857710,1,1,0
11866664,0,1,0
11874107,0,0,0
11877801,0,1,0
11926258,0,0,0
11950815,1,1,0
11951893,1,0,0
11953278,1,1,0
11971601,0,1,0
11988511,1,1,0
11997471,0,1,0
12000456,0,0,0
12050220,1,0,1
12068129,1,1,0
12079695,1,0,0
12106882,0,1,0
12115454,1,1,0
12116493,0,0,0
12171519,0,0,0
12190033,0,0,0
12198561,0,1,0
12205142,0,1,0
12208899,1,0,0
12209182,0,1,1
12217253,0,1,0
12228483,1,0,1
12230922,1,1,0
12248886,1,0,0
12260818,0,1,0
12293348,1,0,0
12295932,0,1,0
12312347,0,0,0
12323512,1,1,0
12341711,0,0,0
12342191,0,0,0
12376764,1,1,0
12398593,0,1,0
12403664,1,0,0
12404620,0,1,0
12411895,1,0,0
12437387,0,0,0
12440111,1,1,0
12461955,0,0,0
12489532,1,0,1
12492825,1,1,0
12519955,0,1,1
12521369,1,0,1
12531287,1,1,0
12537305,1,0,0
12554434,1,0,0
12558359,0,1,1
12560476,0,0,0
12561651,1,0,0
12565048,0,1,1
12567174,0,0,0
12569464,1,1,0
12577316,0,1,1
12591921,0,1,0
12613346,0,0,0
12613978,0,1,0
12630377,0,0,0
12637335,1,1,0
12637405,0,1,0
12642664,0,0,0
12664755,1,0,0
12670676,0,1,0
12676060,1,0,0
12703360,1,0,0
12720974,0,1,0
12741329,0,1,0
12743340,1,0,1
12748144,1,0,1
12748671,0,0,0
12753456,0,1,0
12757281,0,1,0
12765916,1,1,0
12767526,0,1,0
12784841,1,0,0
12795385,0,0,0
12795808,1,0,0
12798656,1,0,0
12818177,0,1,0
12823783,1,0,1
12830740,1,0,0
12844057,1,1,0
12847704,1,1,0
12858854,0,1,0
12865068,0,0,1
12917188,0,1,0
12921375,1,1,0
12926602,0,1,0
12928902,0,1,0
12937873,0,1,0
12965288,0,0,0
12967182,1,0,0
12983361,1,1,0
12987381,1,1,0
12996626,1,1,0
12999736,0,1,0
13003989,1,0,0
13012838,0,1,0
13022901,1,0,0
13027408,0,0,0
13057056,1,0,1
13058272,1,1,1
13064732,1,1,0
13083234,0,1,0
13084944,1,1,0
13089470,0,1,0
13090693,1,1,0
13090808,1,0,0
13097230,0,0,0
13101878,0,1,0
13127223,0,1,0
13158583,1,1,0
13160084,1,0,0
13160314,1,0,0
13179443,1,0,0
13185224,1,1,0
13193234,1,1,0
13202228,0,0,0
13216068,1,1,0
13222683,0,1,0
13234660,0,1,0
13254816,1,1,0
13261381,0,0,0
13276399,1,1,0
13276825,0,0,0
13287075,0,0,0
13292146,1,1,0
13313026,0,1,0
13314711,1,1,0
13333371,1,0,0
13344505,1,1,0
13346032,0,1,0
13346070,1,0,0
13381287,1,1,0
13384881,0,1,0
13388534,1,1,1
13391584,1,0,0
13400835,1,0,0
13415911,0,0,1
13428427,1,1,1
13429501,1,0,0
13439005,1,1,0
13442699,0,1,0
13443554,1,0,0
13447324,0,1,0
13450052,0,1,0
13459029,0,1,0
13461401,0,1,0
13468497,1,0,0
13470944,1,1,0
13473771,1,1,0
13482921,1,1,0
13484149,1,0,0
13493382,0,0,0
13496116,0,1,0
13503171,1,0,1
13506491,1,0,1
13518331,1,1,0
13525226,1,1,0
13527755,1,1,0
13527847,1,1,0
13537916,1,1,0
13539938,1,1,1
13560917,1,0,0
13570346,1,0,0
13576648,1,0,0
13580139,0,0,0
13597206,1,1,1
13608615,0,1,0
13621442,1,0,0
13628544,1,0,0
13630488,1,1,0
13632246,1,1,1
13661694,1,1,1
13674668,1,1,0
13695890,1,1,0
13707690,0,1,0
13711243,1,0,0
13715852,0,1,0
13719349,0,1,0
13727983,0,0,0
13728631,1,1,0
13733338,1,0,1
13734938,0,1,0
13735644,0,0,1
13741105,1,0,0
13751455,1,1,0
13757127,1,0,1
13758387,1,1,0
13758561,1,1,0
13776518,1,1,0
13784936,0,1,0
13807593,1,1,0
13808665,0,0,0
13824632,1,1,0
13828770,0,1,0
13834221,0,1,0
13843389,1,1,0
13887681,0,1,0
13887807,1,1,0
13914520,1,0,0
13919853,1,0,1
13927742,1,0,1
13955369,1,0,0
13957804,1,1,0
13959256,0,0,0
13968467,0,1,0
13975282,1,0,0
13991043,0,1,0
14000987,0,0,0
14015672,0,1,0
14057685,1,0,1
14063851,1,0,0
14072571,0,1,0
14082876,1,0,0
14087777,0,0,0
14092661,1,1,0
14117968,1,1,0
14124956,0,1,0
14127352,1,0,0
14144344,0,0,0
14160451,1,1,0
14170832,1,0,0
14178050,0,1,0
14218341,0,0,0
14231952,0,0,1
14236817,0,1,0
14254208,0,1,0
14258167,0,0,0
14260229,1,0,0
14277052,1,0,0
14292002,1,1,1
14298457,0,1,0
14310560,1,0,0
14331241,0,0,0
14340282,0,0,0
14348690,0,1,1
14368171,1,0,1
14377577,0,0,0
14383269,1,1,0
14385501,1,1,1
14391298,1,1,0
14398362,1,1,0
14402777,0,0,0
14403740,1,0,0
14404730,1,1,1
14424965,0,0,0
14427646,1,0,0
14427802,0,0,1
14431388,1,1,1
14445746,0,0,0
14448908,0,0,1
14451994,0,1,0
14469010,0,0,0
14479276,0,1,0
14490306,1,0,0
14521160,1,1,0
14521279,0,1,0
14532711,1,1,0
14534925,0,0,0
14546511,1,1,0
14578891,1,0,0
14591053,0,0,0
14599984,1,0,0
14603846,0,0,0
14640807,1,1,0
14652221,0,1,0
14660177,1,0,0
14662137,1,1,0
14662574,0,1,0
14679445,0,0,0
14686000,0,1,1
14694889,1,1,0
14694974,0,0,0
14705474,1,0,0
14709138,0,0,0
14716198,1,0,0
14717255,1,0,0
14725164,1,0,1
14749678,0,1,0
14753044,1,1,0
14759105,1,0,0
14777530,1,1,0
14782142,1,0,0
14786225,1,0,0
14786968,1,0,0
14817475,1,1,0
14824033,1,1,0
14830167,1,1,0
14836542,1,1,0
14838062,1,1,1
14838161,0,0,0
14844336,0,0,0
14864412,0,0,1
14869986,1,0,0
14876087,0,0,0
14876689,0,1,0
14880506,0,0,0
14882957,1,0,0
14885430,0,1,0
14885808,0,0,0
14900642,0,0,0
14902207,0,1,0
14903018,0,1,0
14904021,1,0,0
14906134,1,0,0
14926903,1,0,0
14940932,1,0,1
14953467,0,0,0
14960349,1,1,0
14969732,1,0,0
14975205,0,1,0
14977554,0,0,0
14991219,1,1,0
15003081,0,1,0
15008216,0,1,0
15014775,0,1,0
15028586,1,1,0
15028589,1,0,0
15038476,1,1,0
15039656,0,1,0
15040428,1,0,0
15048362,0,1,0
15057407,1,1,1
15058774,1,1,0
15078144,0,0,0
15081071,0,0,0
15082964,1,0,0
15088718,1,1,0
15097919,1,0,1
15112158,1,0,0
15128809,1,1,0
15158674,1,0,0
15164700,0,0,0
15188325,1,0,0
15201751,0,0,0
15203472,1,0,0
15233209,0,1,0
15271079,0,1,0
15290063,1,0,0
15305661,1,1,0
15313854,0,0,0
15314648,0,1,0
15320528,1,1,1
15326854,0,1,0
15339450,0,0,0
15342182,0,1,0
15345655,1,0,0
15346370,1,0,0
15349033,1,0,0
15350582,0,0,0
15357001,1,0,1
15359262,1,0,0
15361212,0,0,0
15367698,0,1,0
15371952,1,0,0
15400758,1,1,1
15410683,0,1,0
15442766,0,0,0
15443094,0,1,0
15448289,1,1,0
15451724,1,0,0
15463635,0,1,0
15470827,1,1,0
15475719,1,0,0
15478340,1,1,0
15482068,1,0,1
15488140,0,0,1
15490209,0,1,0
15496212,1,0,0
15503680,0,1,0
15507635,0,0,0
15534206,0,0,0
15555725,0,0,0
15571656,1,1,0
15573498,0,1,0
15578285,1,1,1
15578412,0,0,0
15610397,0,1,0
15617281,1,1,1
15626688,0,0,1
15641954,1,1,0
15647572,0,1,0
15647704,0,0,0
15653323,1,0,1
15661451,1,0,0
15667851,0,1,0
15675938,0,0,0
15687851,1,0,0
15689389,1,1,0
15699133,0,1,1
15709230,0,1,0
15753077,0,1,1
15771611,1,0,0
15780195,1,1,0
15791235,1,1,0
15812290,1,0,1
15814876,1,1,1
15815868,1,1,0
15816576,0,0,0
15822653,0,0,0
15824374,0,1,0
15826533,1,1,0
15836736,1,0,1
15841572,1,1,0
15843287,0,1,0
15899024,1,1,0
15901819,1,0,0
15908065,1,0,1
15918001,0,1,0
15926583,1,1,1
15935438,0,0,1
15940509,1,0,0
15941928,1,0,1
15942913,1,1,1
15950518,1,1,0
15950933,0,0,0
15953937,0,1,0
15972882,1,1,0
15980509,1,0,0
15985542,1,0,0
15999716,0,0,1
16001364,1,1,0
16009944,0,0,0
16011051,1,0,1
16012869,0,0,0
16026376,1,0,0
16084020,1,0,0
16084650,1,0,0
16098080,1,0,0
16118820,1,1,0
16138211,1,1,1
16154295,0,0,0
16165533,0,1,0
16178769,1,0,0
16201953,0,0,0
16203457,1,0,0
16212011,0,0,1
16239906,0,0,1
16262279,0,1,0
16279869,0,0,0
16298719,1,0,1
16299764,1,0,0
16302512,1,1,0
16307888,1,0,0
16330120,1,1,0
16331567,1,1,0
16332393,0,0,0
16342378,1,0,0
16345574,0,1,0
16350883,1,1,1
16354551,0,0,0
16358794,1,0,0
16365262,1,1,0
16387909,1,1,0
16406176,1,0,0
16413992,0,0,1
16433819,0,0,0
16448416,0,0,1
16451331,0,1,0
16467909,1,0,0
16473069,0,1,0
16479202,1,0,0
16488876,0,0,0
16490237,1,1,0
16500858,1,1,0
16513281,0,1,0
16514942,1,0,1
16548460,0,1,0
16557294,0,0,0
16566248,0,1,0
16566533,1,0,0
16578123,0,1,0
16587752,0,0,0
16588187,1,1,0
16604457,0,1,0
16613035,1,1,0
16620213,0,1,0
16634302,0,1,1
16663125,1,1,0
16665015,1,1,0
16669232,1,0,0
16684826,0,0,0
16687730,1,0,0
16722387,0,1,1
16722905,0,1,0
16724809,0,0,0
16725851,0,1,0
16732502,1,1,0
16740224,1,0,0
16763155,0,0,0
16770531,1,0,1
16779848,1,1,0
16783172,1,0,0
16788096,1,0,0
16788953,1,0,0
16809714,0,0,1
16814557,0,1,0
16816381,0,1,0
16818493,0,1,0
16852888,0,1,0
16870183,1,1,0
16877559,0,1,0
16886096,1,0,0
16898897,1,1,0
16899801,1,1,0
16904131,0,0,0
16909216,1,1,1
16914541,0,1,0
16917689,0,1,0
16920260,1,1,0
16927433,0,0,1
16929790,1,1,0
16943278,0,1,0
16945757,1,0,0
16948571,1,1,1
16950104,0,1,1
16972784,1,0,1
16987112,1,0,0
16988153,0,0,0
16988939,0,1,0
16993835,0,0,0
17028295,0,1,0
17038808,0,0,0
17078797,0,0,0
17083357,0,0,0
17102215,1,0,0
17112457,1,0,0
17130310,1,0,0
17139782,0,1,1
17157735,1,1,0
17158372,1,1,0
17166909,0,0,1
17173917,1,1,1
17176103,1,0,1
17208117,0,0,0
17242759,0,0,0
17260221,1,1,0
17265280,0,1,1
17296904,1,1,1
17305215,0,1,0
17306851,1,0,0
17328521,1,1,1
17332102,1,1,1
17336553,1,0,0
17347640,1,0,1
17347796,1,1,0
17362840,0,1,0
17379502,0,0,0
17389605,1,0,0
17406154,1,1,1
17412271,1,1,0
17412930,0,0,0
17421177,0,0,0
17430607,0,0,0
17433095,1,0,1
17445378,1,1,0
17480996,0,1,0
17494515,1,1,0
17495325,1,1,0
17501249,0,1,1
17502496,0,1,1
17512163,1,1,0
17514403,1,1,0
17517179,0,1,0
17519234,1,0,0
17520360,0,0,1
17523382,0,1,1
17527818,0,1,0
17535632,1,1,0
17540019,1,1,0
17541889,1,0,0
17542922,1,0,0
17555650,1,0,0
17570919,0,1,0
17571693,0,1,0
17574514,1,1,0
17610419,1,1,1
17653466,1,0,0
17653512,0,1,0
17657992,1,0,0
17664812,0,0,0
17668268,1,0,1
17680668,0,1,1
17686288,1,1,0
17692686,1,0,0
17702836,0,0,0
17704889,0,1,0
17705567,0,0,1
17711578,1,1,0
17714818,1,1,0
17728409,0,1,0
17750148,0,1,1
17750335,1,0,0
17752037,1,1,1
17768348,1,1,0
17770818,0,0,0
17771454,1,1,0
17775485,0,1,0
17781290,0,0,0
17789813,1,1,0
17791605,1,1,0
17795764,0,0,0
17797912,0,1,0
17805327,1,0,0
17809890,0,0,0
17830267,1,1,0
17836983,0,0,0
17837043,0,1,0
17844294,1,1,0
17852304,0,1,0
17877468,0,0,1
17878882,0,1,0
17902404,0,0,0
17943848,1,1,0
17946462,1,1,0
17952762,0,1,1
17955435,1,1,0
17957855,1,0,0
17959163,0,0,0
17963819,1,1,0
17976423,1,1,0
17981658,1,0,1
17982252,0,0,0
17999798,1,0,0
18001353,1,1,0
18024357,0,1,0
18039812,1,1,0
18067695,0,0,0
18068270,0,0,0
18084084,0,1,0
18095233,0,0,0
18095795,0,1,0
18100525,1,1,0
18105361,0,1,0
18111730,1,1,0
18141583,1,1,0
18149194,1,0,0
18152308,0,0,0
18152420,0,1,0
18158101,0,0,0
18163498,0,0,0
18164466,1,1,0
18164507,0,0,0
18170108,1,1,0
18173767,1,0,0
18179978,1,0,0
18205069,1,0,1
18214964,0,1,0
18220476,1,1,0
18263788,0,1,0
18274158,1,0,0
18275820,1,1,0
18281280,1,1,0
18285401,1,0,0
18294438,1,0,0
18332003,1,0,0
18357700,1,1,0
18365286,1,1,0
18372521,1,0,0
18375519,0,0,1
18376464,0,1,0
18379706,1,1,0
18382139,1,1,0
18383454,1,1,0
18388634,1,0,0
18392044,1,1,0
18421423,1,1,0
18429223,1,0,0
18467847,0,0,0
18468275,0,1,0
18483779,1,0,0
18484233,0,0,0
18488594,0,0,1
18493040,1,1,0
18496414,1,1,0
18501330,0,1,0
18504928,0,0,0
18505063,0,1,0
18513081,0,0,1
18517702,1,0,0
18535664,1,1,0
18543163,0,1,0
18544270,1,0,1
18552906,0,0,0
18562738,1,0,0
18564478,0,1,0
18573649,0,1,0
18574243,1,0,0
18575769,1,0,0
18576265,0,0,0
18579276,0,0,0
18588549,1,1,0
18604233,0,0,0
18611314,1,1,0
18638359,1,1,0
18643604,1,0,0
18644497,1,1,1
18678255,1,0,0
18683547,1,1,0
18699728,0,1,0
18703037,0,0,0
18703470,1,0,1
18710385,0,1,0
18713613,0,1,0
18717682,0,0,0
18731841,0,0,0
18734491,0,0,0
18757698,0,0,0
18759589,1,1,0
18787825,1,0,0
18796442,0,0,0
18813754,1,1,0
18815386,1,1,0
18839800,0,1,0
18846535,0,1,0
18848739,0,0,0
18853900,1,1,0
18871701,0,0,0
18878010,1,1,0
18882860,0,1,1
18907102,1,0,0
18920980,0,1,0
18922667,0,0,0
18936760,0,0,0
18959833,0,1,0
18965059,1,1,0
18972149,1,1,0
19003746,1,1,1
19004112,1,1,0
19011294,0,1,1
19018489,1,0,0
19025554,0,1,0
19025608,0,1,0
19031104,1,1,0
19040803,0,0,0
19047074,0,0,0
19060792,0,0,0
19071001,1,1,0
19074703,1,0,0
19077862,0,0,0
19081158,1,0,0
19089360,0,0,0
19093311,0,0,0
19109665,0,1,0
19124668,0,0,0
19124849,1,1,0
19126418,1,0,0
19127302,0,1,1
19169618,0,1,0
19175326,1,1,0
19179002,1,1,0
19188100,0,1,0
19191000,1,0,0
19213599,0,1,0
19228503,1,0,0
19233050,1,0,0
19237091,1,0,0
19244585,1,0,0
19248348,1,1,0
19253031,0,0,0
19266754,0,1,0
19267782,1,1,1
19268913,1,1,0
19278091,0,0,0
19294711,1,1,1
19298646,1,1,0
19309450,0,0,0
19321881,1,0,0
19326075,1,0,0
19328996,0,0,0
19339240,1,0,1
19341643,1,0,0
19358037,1,0,1
19365239,1,1,1
19374088,1,0,0
19397756,1,1,1
19398386,1,1,0
19429223,0,0,0
19431286,0,0,0
19458206,0,1,0
19461278,0,0,1
19481585,1,1,0
19514139,1,1,0
19515758,0,1,0
19581405,1,1,0
19595208,1,0,0
19633831,1,0,0
19635143,1,0,1
19665456,0,0,0
19674830,0,1,1
19700612,1,1,0
19704418,0,0,0
19744421,1,0,0
19751330,0,1,0
19770668,1,1,0
19776679,0,1,0
19779807,1,1,0
19781992,0,1,0
19794047,0,1,0
19816175,1,0,0
19820773,0,0,0
19823565,1,0,0
19823863,1,0,0
19825708,1,0,0
19832258,0,0,0
19838035,1,1,0
19842215,0,1,1
19848193,0,0,0
19878966,0,0,0
19886215,0,1,0
19886958,0,1,0
19887109,1,0,1
19891850,1,0,1
19895451,1,0,0
19907087,0,1,0
19912292,0,0,0
19940366,1,0,0
19941819,0,0,0
19967709,0,0,0
19967788,0,1,0
19979130,0,1,0
19981061,1,0,0
19982431,0,0,0
19986454,0,0,0
19996602,0,0,0
20000856,0,1,0
20019669,1,0,0
20031338,0,1,1
20036468,1,1,0
20042516,1,1,0
20059902,1,0,1
20071560,1,0,0
20074958,0,0,0
20078954,0,1,0
20089226,0,1,0
20091362,0,1,0
20100602,0,1,0
20104517,0,0,0
20107557,1,1,0
20116660,0,0,1
20126185,0,1,0
20140557,0,1,0
20143981,1,0,0
20147942,0,1,0
20156588,1,1,0
20160690,1,0,0
20163754,1,1,0
20165997,1,1,0
20183196,0,0,1
20188097,1,0,0
20189193,0,0,0
20201677,0,1,0
20218854,1,0,1
20223218,1,1,0
20235001,0,1,0
20238857,0,1,0
20249051,0,1,0
20258300,1,0,0
20259601,1,1,0
20269373,1,1,0
20277627,0,1,1
20286807,0,1,0
20342992,1,0,1
20374385,0,1,0
20385669,0,1,0
20391232,1,1,1
20399446,0,0,0
20416822,1,1,1
20434739,0,1,0
20442266,0,0,0
20459756,0,0,0
20460266,1,1,0
20493822,0,0,0
20506317,1,0,0
20513478,1,0,0
20521900,1,1,0
20524065,0,0,0
20545256,0,0,1
20557317,0,1,0
20561454,1,0,0
20572443,1,0,0
20602298,0,1,0
20605043,0,0,0
20619525,0,1,0
20629871,1,1,0
20670959,1,1,0
20690303,0,1,1
20701598,1,0,0
20709492,1,1,0
20712502,1,0,0
20728419,1,1,0
20729129,1,1,0
20737482,1,1,0
20744804,0,1,0
20745878,0,0,0
20755426,0,1,0
20757745,1,1,0
20761674,1,0,1
20767793,0,0,0
20769026,0,0,0
20776567,1,1,0
20777835,1,1,1
20786768,1,0,0
20806094,0,1,0
20809070,1,1,1
20824670,0,1,0
20849467,0,1,0
20858642,1,0,0
20894129,1,0,0
20899119,1,0,0
20906787,1,1,0
20920730,1,0,0
20923118,1,1,0
20938921,0,1,0
20941367,0,1,0
20942575,1,1,0
20949573,0,0,0
20960097,1,0,1
20962553,1,0,0
20975954,1,0,0
20979399,0,0,0
21017891,1,1,0
21035468,1,1,1
21045009,0,1,1
21045682,0,1,0
21048080,0,1,0
21055489,0,0,0
21055899,1,0,0
21060962,1,1,0
21079551,0,0,1
21104385,0,1,0
21118129,1,0,0
21121357,0,1,0
21126037,1,0,0
21128744,1,1,0
21131044,1,1,0
21137762,1,1,0
21144767,0,1,0
21150346,0,1,0
21158998,1,0,0
21159572,1,1,1
21168567,0,0,0
21170335,1,0,1
21174309,0,0,0
21180920,0,1,0
21200010,0,1,0
21210742,1,1,0
21215529,1,0,0
21226421,1,0,0
21230943,1,0,0
21233781,0,1,1
21241248,1,1,0
21243517,0,1,0
21247713,0,1,0
21249188,1,0,0
21262561,1,1,0
21265389,1,1,0
21274429,0,1,0
21278892,1,1,0
21279397,1,1,0
21283877,1,1,0
21306439,0,1,0
21311434,0,0,1
21329506,0,1,0
21329607,0,0,0
21345510,0,0,0
21351542,1,1,0
21356613,0,1,0
21372384,1,1,0
21376197,0,1,0
21388748,0,0,1
21389273,1,0,0
21396619,1,1,0
21397175,1,0,0
21397213,0,1,1
21401141,0,0,1
21435065,1,0,0
21439382,1,1,0
21447343,1,1,0
21455361,0,0,0
21461955,0,0,0
21463992,1,1,0
21465957,0,0,0
21484580,0,0,1
21487107,1,0,0
21490452,0,0,0
21497617,0,1,0
21523261,0,1,0
21526411,1,0,0
21527843,1,0,1
21560866,0,0,0
21560895,0,0,0
21565280,0,1,0
21591939,1,0,0
21592856,0,1,0
21595922,0,1,1
21647353,1,0,0
21649176,0,1,1
21658718,1,1,0
21665034,0,0,0
21665880,1,1,0
21668144,1,1,1
21673134,0,0,0
21676107,0,0,0
21684100,0,1,0
21719304,0,0,0
21720637,1,1,0
21736716,1,1,0
21753571,0,1,0
21754740,0,1,0
21754845,1,0,0
21762841,1,0,0
21767406,0,1,0
21768987,0,0,0
21771899,1,1,0
21776952,0,0,0
21780642,0,0,1
21782019,0,1,0
21787476,1,0,0
21788182,0,0,0
21793967,1,1,0
21794696,1,0,0
21805143,0,1,0
21809292,1,0,0
21824782,1,0,0
21833731,0,1,0
21856615,0,1,0
21862600,0,1,0
21868298,0,0,0
21871856,0,1,0
21887495,1,1,0
21890123,1,0,1
21891982,1,0,0
21894872,0,0,0
21897663,1,0,1
21909099,1,1,1
21920351,1,1,0
21921237,0,1,0
21923145,1,1,0
21923697,1,1,0
21934243,0,0,0
21941653,1,1,0
21955526,1,1,0
21958753,0,0,0
21960521,0,0,0
21975548,1,0,1
21978786,0,1,0
21982285,0,1,1
21991191,1,0,0
22007570,1,1,0
22023151,1,1,0
22045665,0,1,0
22048919,1,0,0
22062539,1,1,0
22062855,0,0,0
22071183,1,0,0
22087451,0,1,0
22094411,0,0,0
22099423,1,1,1
22099587,0,1,0
22105250,0,1,0
22107361,0,1,0
22108479,1,0,0
22110366,1,1,0
22122201,0,0,0
22130441,1,0,0
22132774,1,1,0
22149940,1,1,0
22155649,1,1,1
22163282,0,0,0
22168945,1,0,0
22171147,1,0,1
22173480,0,1,0
22178395,1,0,0
22184004,0,0,0
22191282,0,0,0
22194312,0,0,0
22194630,1,1,0
22200287,0,0,0
22203051,0,1,0
22205618,0,0,0
22231506,0,1,0
22233999,0,0,0
22236228,0,0,1
22241895,0,1,0
22243844,0,0,0
22251382,0,1,0
22251852,1,0,1
22257702,0,0,1
22263073,1,0,0
22265723,1,0,0
22276527,0,1,0
22289558,1,1,0
22292396,0,0,0
22296252,1,1,0
22297951,0,1,0
22299080,0,0,0
22303301,0,1,0
22309347,1,1,1
22316254,1,0,0
22321206,0,0,1
22327281,1,0,0
22330559,0,0,0
22342036,1,1,0
22347695,1,1,1
22355460,0,0,0
22365598,1,1,0
22381200,0,0,0
22382268,1,0,0
22395513,1,1,0
22397476,1,0,0
22411602,0,0,1
22416343,0,1,0
22455219,1,0,0
22497567,1,1,1
22500028,1,0,0
22505420,0,0,0
22508321,1,0,1
22519601,0,0,0
22531641,0,0,0
22544857,0,0,0
22553653,0,1,0
22557947,0,0,0
22573814,0,1,0
22577681,0,1,0
22581905,1,0,1
22583777,0,0,0
22593640,1,0,0
22600083,0,0,0
22601259,0,1,0
22604845,0,1,0
22613408,0,0,0
22632747,0,1,0
22636172,1,1,0
22637791,1,1,0
22637966,0,1,0
22639585,0,0,1
22640564,0,0,0
22651177,1,0,0
22672861,1,0,0
22685247,1,0,0
22686409,0,1,0
22694977,0,0,0
22722601,1,1,0
22728746,1,0,0
22733103,0,1,0
22747019,1,0,0
22747825,1,1,0
22749779,0,0,0
22754312,1,1,0
22756166,1,1,0
22756639,0,1,0
22767693,1,1,0
22778646,1,0,0
22784723,1,0,0
22793465,0,1,0
22807178,1,0,0
22808138,1,1,0
22818746,0,1,0
22819652,0,1,0
22832474,1,1,0
22842190,0,1,1
22843443,1,1,1
22850898,0,1,0
22853050,1,0,0
22867628,0,0,0
22875653,1,0,0
22877107,0,0,0
22878590,0,1,0
22884281,1,0,1
22894816,0,1,0
22914348,0,1,0
22920156,1,0,1
22923169,0,1,0
22928349,0,1,0
22935391,0,0,1
22949408,1,1,0
22996635,1,0,0
23022209,0,1,0
23031187,1,1,0
23046234,0,0,1
23059375,1,1,1
23075600,1,1,1
23077443,1,1,0
23080529,1,1,0
23108396,0,1,0
23111577,1,0,0
23112396,1,0,0
23119745,0,1,0
23126402,0,1,0
23141968,1,0,0
23147172,0,1,0
23160149,1,0,0
23161849,1,1,0
23165390,0,0,0
23170005,1,0,1
23178541,0,0,0
23192434,1,0,0
23200568,0,1,1
23216753,0,0,0
23235067,1,1,0
23241038,0,1,1
23248153,1,0,1
23266555,0,1,1
23269053,0,1,1
23273162,1,0,0
23284422,1,0,0
23288878,1,0,0
23292603,0,0,0
23295738,0,1,0
23312456,0,1,0
23315311,1,0,0
23319231,1,0,0
23324642,1,0,0
23339407,1,1,0
23342382,1,0,0
23346093,0,1,0
23356873,0,0,1
23369162,0,0,0
23372316,1,1,1
23376970,1,0,1
23381221,1,1,0
23401107,0,0,0
23407677,1,1,0
23413383,1,0,0
23414018,0,1,0
23417925,0,0,0
23419864,1,0,1
23454930,0,0,0
23464527,1,1,0
23472652,1,1,0
23473534,1,0,1
23473831,1,1,0
23482779,1,0,0
23503045,0,0,0
23524182,0,0,0
23528681,0,1,0
23531165,1,1,0
23542553,0,0,0
23551891,1,1,0
23551988,0,0,0
23561460,0,1,1
23568263,0,1,0
23588601,1,0,1
23591170,1,1,0
23597935,0,1,0
23602060,0,0,0
23602805,1,0,0
23614120,1,1,0
23614432,1,0,1
23621414,0,1,0
23622130,0,1,0
23654290,1,0,0
23655173,0,1,1
23666786,1,0,0
23666819,1,0,0
23672469,0,1,1
23674187,0,1,0
23680906,1,1,1
23694348,1,0,0
23706680,1,0,1
23716203,1,1,0
23736250,1,1,1
23757295,1,1,0
23757702,0,1,0
23761755,1,1,1
23766049,0,1,0
23766978,0,0,0
23774250,1,0,1
23784209,0,1,0
23789833,0,1,1
23791748,0,1,0
23793488,0,0,0
23798470,1,0,0
23800232,0,1,0
23808769,1,0,0
23813153,0,0,0
23814950,0,0,0
23818553,0,0,0
23857235,1,0,0
23871828,0,1,0
23893008,1,0,0
23895665,1,1,0
23899651,1,1,0
23900678,1,0,0
23914705,0,1,0
23918006,1,0,0
23928107,0,0,0
23934931,1,1,0
23940810,0,1,0
23941800,0,0,0
23945364,0,0,0
23947842,1,1,0
24016001,0,0,0
24019379,1,1,0
24019915,1,1,0
24022111,1,1,0
24029851,0,0,0
24035290,1,0,0
24035913,1,1,0
24041682,0,1,1
24071991,0,0,1
24072696,1,0,0
24100418,1,0,0
24110026,0,0,0
24111176,1,0,0
24120538,0,0,0
24127376,1,0,1
24142912,0,1,0
24144527,0,1,0
24153649,1,1,0
24164263,1,1,0
24188680,0,1,0
24189067,0,1,1
24196023,0,1,0
24197551,0,0,0
24202628,1,0,0
24208972,0,0,0
24209235,1,1,1
24214472,1,1,0
24222501,1,1,0
24224295,1,0,0
24230181,1,1,0
24247160,1,0,0
24264598,1,1,1
24272457,0,0,0
24278979,1,0,0
24285402,1,0,0
24286149,0,0,0
24290348,1,1,0
24315041,1,1,0
24317986,1,1,0
24330537,1,0,0
24335335,1,1,0
24368091,1,1,0
24370736,0,1,0
24385296,0,1,0
24397777,1,1,1
24401336,0,1,0
24405265,0,1,0
24410830,1,0,0
24420258,1,0,0
24425206,1,0,0
24432978,0,0,0
24449039,0,1,0
24451650,1,1,0
24451731,1,1,0
24455001,1,0,1
24459880,1,1,1
24467747,0,0,0
24494037,1,1,1
24530326,1,1,1
24533214,0,1,0
24534530,1,1,1
24550751,1,1,0
24551764,1,1,1
24575625,1,0,0
24601463,1,1,1
24619516,1,0,0
24623711,0,1,0
24642419,1,1,0
24646888,1,1,0
24649031,1,0,0
24654846,1,1,0
24661438,1,0,0
24688365,1,1,0
24693959,0,0,0
24701316,1,0,0
24703288,0,1,0
24708173,1,1,0
24724690,1,1,0
24742356,0,0,0
24759225,1,1,0
24762996,1,0,0
24773418,0,0,0
24821228,1,1,0
24823130,1,0,1
24855214,1,1,1
24860983,0,0,0
24865202,1,0,0
24867503,0,0,0
24871111,0,0,0
24927270,0,0,0
24952741,1,1,0
24953904,1,0,0
24955638,1,1,0
24966749,1,1,0
24981802,1,1,0
24984095,0,1,0
25133438,1,0,0
25133669,0,0,0
25148828,1,1,0
25153222,1,1,0
25153262,1,1,0
25155450,1,0,0
25158517,1,0,0
25160034,1,0,0
25160721,1,1,0
25161817,1,1,0
25162395,1,1,0
25166272,1,1,0
25166692,1,1,0
25167948,0,1,0
25168107,0,0,0
25168201,1,0,0
25169083,0,1,0
25169116,0,0,0
25171157,1,1,0
25171453,1,0,0
25173135,0,0,1
25173454,0,1,0
25173808,1,0,0
25174736,0,0,0
25176024,1,1,1
25179880,1,0,0
25180521,0,0,0
25181879,1,0,0
25182141,1,1,0
25183455,0,1,1
25184150,0,1,0
25184629,0,0,0
25184985,0,1,0
25187361,0,0,0
25190119,0,0,1
25190321,1,0,0
25190390,0,1,0
25190778,0,0,0
25192986,0,0,0
25195912,1,1,0
25196540,0,0,0
25200357,0,0,0
25201644,0,0,0
25201999,0,1,0
25202268,0,0,0
25203300,1,1,0
25204305,1,0,0
25204343,0,0,0
25206950,1,0,0
25207877,0,1,0
25211388,1,0,0
25213755,0,1,0
25218700,0,1,0
25223483,0,1,0
25228218,1,1,0
25231820,1,1,1
25232125,1,0,0
25235266,0,1,1
25236935,1,1,0
25240222,0,0,0
25243597,0,0,0
25247403,0,1,0
25247863,0,0,1
25248264,0,0,0
25249589,1,0,1
25255083,1,0,0
25258058,1,1,0
25262196,0,0,0
25266240,1,0,0
25270566,0,1,1
25274600,1,0,0
25275927,0,0,0
25276803,0,0,0
25279968,1,1,0
25281633,0,0,0
25287930,0,0,0
25288831,1,0,0
25291029,0,0,0
25292742,1,0,0
25293143,0,1,0
25299183,0,0,0
25303210,0,0,0
25304066,0,0,0
25305511,0,1,0
25308315,0,1,0
25311455,1,0,0
25315214,0,0,0
25317217,1,0,0
25318267,1,0,0
25319305,1,1,0
25322832,0,0,1
25323715,1,1,0
25324351,0,1,0
25325116,0,0,0
25333190,1,1,0
25334981,0,1,1
25337575,1,0,0
25339980,1,1,0
25347881,0,0,0
25351780,0,0,0
25352824,0,0,0
25352925,1,1,0
25353042,1,1,0
25353883,0,0,0
25357365,0,1,0
25358345,0,0,0
25362031,0,0,0
25362265,1,1,1
25366097,1,1,0
25366960,1,0,0
25367921,0,1,0
25372384,1,0,0
25375450,0,0,0
25377567,0,0,0
25377620,1,1,0
25378083,1,0,1
25380140,1,1,0
25386695,0,0,0
25387976,0,1,0
25390446,1,0,0
25396069,0,1,0
25396184,0,1,0
25396692,1,0,0
25398639,1,1,0
25399156,1,0,0
25403667,1,1,0
25413740,1,1,0
25418392,0,0,0
25421942,1,1,0
25424603,0,1,0
25425440,1,0,0
25429792,1,0,0
25430369,0,1,0
25432404,1,0,0
25435577,0,0,0
25441515,0,0,0
25443988,1,1,0
25444129,0,1,0
25444429,0,1,0
25447503,1,0,0
25453937,1,1,0
25454250,1,1,1
25457143,0,0,1
25464872,1,1,1
25467293,0,0,0
25468292,0,0,0
25468832,0,1,0
25469285,1,1,0
25469655,1,0,0
25470313,1,0,0
25470570,1,0,0
25475193,1,1,0
25475370,0,0,0
25475612,0,0,0
25477222,0,0,0
25478005,0,0,1
25478660,0,0,0
25479784,1,0,1
25482159,0,0,0
25483033,0,0,0
25483702,0,0,0
25501716,0,0,0
25503562,0,1,0
25512700,1,1,0
25512765,1,0,0
25516480,0,0,0
25517807,1,0,0
25518619,1,1,0
25525852,1,1,1
25527346,1,1,0
25527687,0,0,0
25527861,0,1,0
25527964,0,0,0
25528359,1,0,0
25528667,0,0,0
25529678,1,0,0
25529765,1,0,0
25530014,0,0,0
25530953,0,0,0
25531150,0,0,0
25531738,1,1,0
25531777,0,0,0
25532103,1,1,0
25532842,1,0,0
25532950,0,0,0
25533268,1,0,0
25533654,0,0,0
25533698,0,1,0
25534116,0,1,0
25535564,0,0,0
25536522,0,0,0
25537573,1,1,0
25538296,1,1,1
25538605,0,1,0
25538909,1,1,0
25539367,0,0,0
25539668,1,0,0
25539827,1,1,0
25540641,1,1,0
25540652,0,0,0
25541054,1,0,0
25542332,1,1,0
25543265,1,1,0
25543682,0,1,0
25543767,1,0,1
25544017,0,0,0
25544131,0,0,0
25544254,0,1,0
25545599,1,0,0
25547790,1,1,0
25548030,1,0,0
25549385,1,0,0
25549614,1,1,0
25549899,0,1,0
25555431,0,1,0
25559609,1,1,0
25562226,0,0,0
25562931,0,0,1
25563433,0,0,0
25563743,0,0,0
25563912,0,0,0
25564045,0,0,0
25564459,1,1,0
25565319,1,1,0
25566006,0,0,0
25567217,0,1,0
25567224,1,0,0
25567234,1,0,0
25567342,1,1,0
25567494,1,1,0
25567556,1,1,0
25567852,1,0,0
25568595,0,1,0
25570546,0,1,0
25570800,0,1,0
25571231,0,1,0
25573037,1,0,0
25573255,0,1,0
25576278,0,0,0
25577071,1,0,1
25577147,1,0,0
25578614,0,1,1
25581031,0,0,0
25582844,0,0,0
25583134,0,1,0
25583694,1,1,0
25584236,0,1,0
25585451,1,0,0
25587052,0,0,0
25587091,0,1,0
25587188,0,0,0
25588093,0,0,0
25589074,0,1,0
25589427,0,0,0
25590182,1,1,0
25590848,0,0,0
25595832,0,1,0
25604800,0,0,1
25628565,1,0,1
25642379,0,0,1
25646315,1,0,0
25646663,0,1,0
25649216,0,0,0
25649953,1,1,0
25650164,1,0,0
25650243,0,1,0
25650417,1,0,0
25650545,0,0,0
25650707,1,0,0
25651627,1,1,0
25652043,1,1,0
25652276,0,1,0
25652935,0,0,0
25653134,0,1,0
25653994,1,1,0
25654143,1,1,0
25655928,1,1,0
25656058,0,0,0
25656247,1,0,0
25656510,0,0,0
25658231,0,1,0
25658980,0,1,0
25660026,0,0,0
25660529,0,1,0
25662542,0,0,0
25662571,1,1,0
25662605,1,1,0
25662689,1,0,0
25662777,1,1,0
25663306,0,0,0
25663729,1,0,0
25663761,0,0,0
25665182,1,1,0
25666446,0,0,0
25666505,0,1,0
25666802,1,0,0
25668929,0,1,0
25669230,0,0,0
25669874,0,0,0
25669937,0,0,0
25670673,0,0,0
25670791,0,0,0
25671704,1,1,0
25672025,0,1,0
25672201,0,1,0
25673386,0,1,0
25673691,0,1,0
25673953,1,1,0
25674226,0,1,0
25674651,1,1,0
25674675,0,1,0
25675146,0,0,0
25675424,1,1,0
25675749,1,1,0
25676013,0,1,0
25676553,1,1,0
25677100,0,0,0
25678731,0,1,0
25678758,0,0,0
25679057,1,0,0
25679317,1,0,0
25680559,1,0,0
25681258,0,0,0
25682098,1,1,0
25682431,0,0,0
25683884,0,1,0
25684229,0,0,0
25684256,0,1,0
25684981,1,1,0
25685015,1,1,0
25685249,0,1,0
25686980,1,1,0
25688175,0,0,0
25688321,0,1,0
25688327,0,1,0
25688634,0,1,0
25688798,1,1,0
25689025,0,1,0
25689415,1,0,0
25690663,1,0,0
25690698,1,1,0
25690757,0,0,0
25691365,1,0,0
25692213,0,0,0
25692737,0,1,0
25693351,0,1,0
25693537,0,1,0
25695526,0,1,0
25695716,0,0,0
25695953,0,1,0
25696182,1,1,0
25696984,0,1,0
25697085,0,1,0
25697120,1,1,0
25697312,1,0,0
25697469,0,0,0
25697672,1,0,0
25698744,0,0,0
25698753,0,1,0
25699177,0,1,0
25709162,0,0,0
25709576,0,0,0
25709648,0,1,0
25709653,1,0,0
25710137,1,0,1
25714382,0,1,0
25714514,1,1,0
25715023,0,1,0
25716273,0,0,0
25716289,0,0,0
25716402,1,1,0
25716667,0,1,0
25716769,1,1,0
25717088,0,1,0
25717105,0,0,0
25717223,0,1,0
25717697,0,0,0
25717893,1,0,0
25717984,0,1,0
25718024,0,0,0
25719898,1,1,0
25720086,1,0,0
25720177,1,1,0
25720770,1,0,0
25721881,0,0,0
25721933,0,1,0
25722069,0,1,0
25722134,0,1,0
25722146,0,1,0
25722712,0,0,0
25723106,1,1,0
25723389,1,1,0
25723568,0,0,0
25723627,1,0,0
25725311,1,1,0
25725388,1,1,0
25726035,0,0,0
25726369,1,1,0
25727052,1,0,0
25727150,0,1,0
25728269,1,0,0
25728393,0,0,0
25729376,0,1,0
25729401,0,1,0
25729426,0,1,0
25729587,0,0,0
25729733,0,1,0
25730498,1,1,0
25731703,1,0,0
25731900,0,1,0
25732062,0,1,0
25738716,1,1,0
25754771,0,0,1
25758442,1,0,1
25759604,1,0,0
25766209,0,0,0
25767394,1,0,1
25770023,1,0,0
25770728,0,1,0
25770892,1,1,0
25770904,0,1,0
25771668,1,1,0
25771991,1,1,0
25772376,1,1,0
25773481,0,1,0
25774228,0,0,0
25775341,1,0,0
25775385,1,0,0
25775671,0,0,0
25775857,0,1,0
25776313,0,0,0
25777331,0,0,0
25777745,0,0,0
25777749,0,0,0
25777780,1,0,0
25778436,1,1,0
25778756,1,1,0
25778993,0,0,0
25779143,1,0,0
25779548,0,1,0
25780123,0,0,0
25780990,0,0,0
25800272,0,0,1
25803109,1,0,1
25806413,1,0,0
25810619,1,0,0
25820890,1,0,0
25825987,0,0,0
25826619,1,0,0
25830193,0,0,0
25834714,0,0,0
25836187,1,0,0
25840702,1,1,0
25841724,0,0,1
25844592,1,1,1
25852744,0,0,0
25855564,1,0,0
25855615,0,0,0
25856721,1,1,0
25876669,1,1,0
25877211,1,1,0
25877552,0,1,0
25877726,1,1,0
25877899,1,0,0
25878129,1,0,0
25878566,0,0,1
25878743,0,1,0
25878892,1,1,0
25879812,0,1,0
25880817,1,1,0
25880980,1,1,0
25881031,0,1,0
25881583,1,1,0
25881699,0,0,0
25882097,0,1,0
25882514,1,0,0
25882578,0,0,0
25883054,0,0,0
25883615,1,0,0
25884505,0,0,0
25884968,0,0,0
25885201,1,1,0
25885774,0,1,0
25885925,0,1,0
25886628,1,0,0
25886842,1,0,0
25887169,0,1,0
25887501,0,1,0
25887632,1,1,0
25888469,0,0,0
25888736,1,0,0
25888773,0,0,0
25889027,0,1,0
25889235,0,0,0
25889287,0,1,0
25889331,0,1,0
25889333,0,0,0
25890668,1,0,0
25891583,0,0,0
25893606,1,0,0
25893764,0,0,0
25894200,1,1,0
25894606,0,0,0
25894811,0,0,0
25895500,0,0,0
25896664,1,1,0
25897258,0,0,0
25897575,0,0,0
25899003,1,0,0
25899314,1,0,0
25899689,0,1,0
25900787,1,0,0
25900914,1,0,0
25902105,0,0,0
25902837,0,0,0
25903167,0,1,0
25903261,1,0,0
25903300,0,0,0
25903942,1,0,0
25904193,0,1,0
25904958,1,1,0
25906452,0,1,0
25906480,0,0,0
25908431,0,0,0
25908569,1,0,0
25908756,1,0,0
25909163,1,1,0
25909391,0,0,0
25909460,0,0,0
25909840,0,0,0
25910460,0,0,0
25910875,1,0,0
25911052,1,1,0
25911238,1,1,0
25912932,0,0,0
25914454,0,1,0
25916977,1,0,0
25917980,0,1,0
25919140,1,0,0
25919319,0,1,0
25919426,0,0,0
25919654,1,1,0
25919821,1,0,0
25920715,0,1,0
25921126,0,0,0
25922132,1,0,0
25922549,0,0,0
25922870,1,0,0
25922875,0,1,0
25922980,1,1,0
25923452,1,1,0
25924356,1,0,0
25925125,1,0,0
25925991,0,1,0
25926893,1,1,0
25927096,1,0,0
25927304,0,1,0
25927584,1,0,0
25929004,0,1,0
25929015,0,1,0
25929380,1,0,0
25930231,1,0,0
25930250,1,1,0
25930776,0,1,0
25931480,0,0,0
25932117,1,0,0
25934336,1,1,0
25934574,1,0,0
25934679,1,1,0
25935315,0,1,0
25935473,0,0,0
25935730,0,0,0
25936849,0,1,0
25937128,0,1,0
25937381,0,0,0
25937541,1,0,0
25937915,0,0,0
25938127,1,0,0
25938323,1,1,0
25938325,0,1,0
25939318,0,1,0
25941501,1,1,0
25941917,1,0,0
25942207,1,0,0
25942431,1,0,0
25942539,0,0,0
25943488,0,0,0
25944544,0,0,0
25944877,0,1,0
25945016,1,1,0
25946159,0,0,0
25946238,1,1,0
25947651,0,0,0
25947854,1,0,0
25947891,1,0,0
25949114,1,0,0
25949162,0,1,0
25949901,1,1,0
25950070,0,1,0
25950186,1,1,0
25951260,0,1,0
25952256,0,1,0
25952386,0,1,0
25952417,1,1,0
25952995,0,1,0
25953011,0,0,0
25953268,1,1,0
25954727,0,1,0
25954864,0,0,0
25954895,0,1,0
25954980,1,1,0
25956148,0,1,0
25956388,1,0,0
25956793,1,1,0
25957024,0,0,0
25957412,0,1,0
25957546,0,1,0
25958062,1,0,0
25958454,1,0,0
25958740,1,1,0
25959103,1,0,0
25959370,0,1,0
25959439,1,1,0
25959579,0,0,0
25960359,0,1,0
25971493,0,0,0
25976296,0,0,1
26001776,1,1,1
26002635,1,1,0
26011273,0,0,0
26016646,1,1,0
26019141,0,0,0
26024688,0,0,0
26028750,1,1,0
26029883,1,1,0
26032140,0,0,0
26032215,0,1,0
26032403,1,1,0
26032422,1,0,0
26032911,1,0,0
26033585,0,0,0
26033872,1,1,0
26033910,1,1,0
26034216,1,0,0
26034682,1,1,0
26035038,0,0,0
26035196,0,0,0
26035417,0,0,0
26036381,0,1,0
26036616,0,0,0
26036961,0,0,0
26037549,0,0,0
26037556,0,1,0
26037612,0,0,0
26037809,0,1,0
26038012,1,0,0
26038498,1,1,0
26038573,1,0,0
26038914,1,1,0
26039190,0,1,0
26039643,0,0,0
26041219,0,1,0
26042011,0,0,0
26042035,1,1,0
26042169,0,0,0
26042247,1,0,0
26042698,0,1,0
26042706,1,1,0
26042790,1,0,0
26042813,0,1,0
26043234,0,1,0
26043467,0,1,0
26043520,0,1,0
26043901,0,1,0
26043946,0,0,0
26044093,1,1,0
26045128,1,0,0
26045615,0,1,0
26045756,0,1,0
26045869,1,0,0
26045915,0,0,0
26046696,0,0,0
26046989,0,1,0
26048394,1,0,0
26051002,0,0,0
26051780,1,0,1
26055411,1,0,0
26055570,0,1,0
26055591,0,0,0
26057526,1,0,0
26058412,0,1,0
26058987,0,1,0
26061482,1,1,0
26062313,1,0,0
26063368,0,1,0
26063892,0,0,0
26064073,0,0,0
26065172,1,0,0
26067064,1,0,0
26069450,0,0,0
26071654,1,0,0
26072765,1,0,0
26073861,0,0,0
26074288,1,0,1
26076202,1,1,0
26077754,0,0,0
26078205,0,0,0
26079509,1,1,0
26080783,0,0,0
26085493,0,1,0
26086333,0,1,0
26086408,1,1,0
26086535,1,0,0
26086942,1,1,0
26087077,1,1,0
26087607,0,0,0
26088471,0,0,0
26088499,0,0,0
26088728,0,1,0
26089029,0,0,0
26089476,1,1,0
26089747,0,1,0
26090472,0,1,0
26090544,0,1,0
26090620,0,0,0
26091619,0,0,0
26091733,1,0,0
26091785,0,1,0
26092330,1,1,0
26092667,0,0,0
26093097,1,0,0
26093180,1,1,0
26093629,0,1,0
26093770,1,0,0
26094079,0,0,0
26094220,1,1,0
26094438,1,0,0
26095163,0,1,0
26095239,1,1,0
26107534,0,0,0
26110135,0,1,0
26110197,0,0,0
26110439,1,0,0
26113075,0,0,1
26114320,0,1,0
26119521,0,0,0
26119961,0,0,0
26120073,0,0,0
26121892,0,1,0
26124252,0,1,0
26124988,0,0,0
26126129,1,1,0
26127672,0,1,0
26127887,0,0,0
26128407,1,0,0
26129526,0,0,0
26131469,0,0,0
26131640,0,1,0
26131817,0,0,0
26135835,1,1,0
26135851,0,0,0
26137055,0,0,0
26140829,0,0,0
26141171,0,0,0
26141863,1,0,0
26142087,0,1,0
26142412,1,1,0
26143298,0,0,0
26144052,1,1,0
26147446,0,1,0
26150815,0,0,0
26152098,0,0,0
26153059,1,1,0
26154571,1,1,0
26156992,0,0,0
26161776,0,0,0
26166729,1,1,0
26167133,0,1,0
26167238,1,1,0
26167447,0,1,0
26168087,0,1,0
26168166,1,1,0
26168190,1,1,0
26168216,0,1,0
26168365,0,0,0
26168880,0,0,0
26169037,1,0,0
26169183,0,0,0
26169283,1,0,0
26169357,1,0,0
26169467,1,0,0
26169630,0,0,0
26169639,0,0,0
26170203,0,1,0
26170627,1,1,0
26171092,1,1,0
26171241,0,0,0
26171244,0,1,0
26171371,1,1,0
26171659,1,0,0
26171757,1,1,0
26172069,1,1,0
26172244,0,0,0
26172250,0,1,0
26172395,1,0,0
26172593,0,0,0
26172671,1,1,0
26172679,0,0,0
26172759,0,0,0
26173320,0,1,0
26173530,1,0,0
26173707,0,0,0
26175462,1,0,0
26175512,1,0,0
26175618,0,1,0
26175661,0,0,0
26175894,0,1,0
26176308,0,1,0
26176688,0,1,0
26176899,0,0,0
26177031,0,1,0
26177247,1,0,0
26177297,0,1,0
26177331,1,0,0
26177333,0,0,0
26177868,0,1,0
26178626,0,0,0
26179182,0,1,0
26179684,1,0,0
26179755,0,0,0
26179832,0,0,0
26180307,0,0,0
26180547,0,1,0
26180694,0,1,0
26180823,0,1,0
26180835,0,1,0
26180896,0,1,0
26181329,0,1,0
26181356,1,0,0
26181763,1,1,0
26182001,0,1,0
26182047,1,1,0
26182061,0,1,0
26182241,0,0,0
26182350,1,0,0
26182547,1,1,0
26182606,0,1,0
26183052,1,0,0
26183411,1,1,0
26183438,0,0,0
26183539,1,1,0
26183607,0,1,0
26183694,1,0,0
26183812,1,1,0
26183827,0,0,0
26184221,1,1,0
26184281,0,1,0
26184629,0,1,0
26185057,1,1,0
26185132,1,1,0
26185307,1,1,0
26185354,1,0,0
26185595,0,1,0
26185735,0,0,0
26186196,0,0,0
26186415,1,0,0
26186510,0,1,0
26186610,0,0,0
26186619,0,0,0
26187424,0,1,0
26187435,0,0,0
26187699,1,1,0
26187724,0,1,0
26187812,1,0,0
26187861,1,1,0
26187978,1,0,0
26188054,0,1,0
26188292,0,1,0
26188552,1,1,0
26188573,0,0,0
26188742,1,0,0
26188778,1,0,0
26188792,0,0,0
26188855,1,0,0
26188887,1,0,0
26189381,1,1,0
26189726,0,1,0
26190075,0,1,0
26190749,1,1,0
26191074,0,1,0
26191116,1,0,0
26191371,0,0,0
26191523,1,0,0
26191577,1,1,0
26191840,1,1,0
26191953,0,1,0
26192141,0,0,0
26192439,0,1,0
26192448,0,0,0
26193133,1,0,0
26193409,1,1,0
26193605,1,0,0
26193972,0,1,0
26194528,0,0,0
26195269,0,1,0
26195380,1,0,0
26195683,1,1,0
26195804,1,1,0
26195894,1,1,0
26196231,1,0,0
26196392,1,0,0
26196493,0,1,0
26196593,1,1,0
26196635,1,1,0
26196741,1,0,0
26196768,1,1,0
26196898,0,1,0
26197371,0,1,0
26197434,0,1,0
26197593,1,0,0
26197707,1,0,0
26197729,1,0,0
26197860,0,1,0
26198055,1,0,0
26198229,0,1,0
26198370,0,0,0
26198416,1,0,0
26198462,1,0,0
26198558,1,0,0
26198588,0,1,0
26198969,0,0,0
26199135,1,0,0
26199365,0,1,0
26199433,0,0,0
26199751,0,0,0
26199800,0,0,0
26200258,1,1,0
26200549,0,1,0
26200563,0,0,0
26200625,1,1,0
26200934,1,0,0
26200953,1,1,0
26200996,0,1,0
26201219,0,0,0
26201876,0,0,0
26202664,1,0,0
26202952,1,1,0
26203080,0,1,0
26203215,0,1,0
26203235,1,1,0
26203345,0,1,0
26203736,0,1,0
26204110,1,1,0
26204161,1,0,0
26204527,1,0,0
26204784,1,0,0
26204919,1,0,0
26205111,0,0,0
26205333,0,1,0
26205805,1,0,0
26206634,1,0,0
26206665,0,0,0
26206700,1,1,0
26206881,0,1,0
26207004,1,0,0
26207114,1,1,0
26207512,1,0,0
26209277,0,0,0
26209676,0,0,0
26209934,1,0,0
26209937,1,0,0
26209967,1,1,0
26210244,1,0,0
26210309,1,0,0
26210317,1,1,0
26210418,1,1,0
26210423,0,0,0
26210429,0,1,0
26210647,0,0,0
26211245,0,1,0
26211383,0,0,0
26211564,0,0,0
26211876,1,0,0
26211895,1,1,0
26212017,1,1,0
26212192,1,1,0
26212218,0,1,0
26212732,0,0,0
26212779,0,1,0
26213002,0,1,0
26213076,0,1,0
26213119,0,1,0
26213194,0,1,0
26214546,0,0,0
26215502,1,0,0
26215528,1,1,0
26215730,1,0,0
26215854,1,1,0
26215898,0,1,0
26215995,0,0,0
26216369,0,0,0
26216654,0,1,0
26217671,0,1,0
26217908,0,0,0
26217941,1,1,0
26218213,1,0,0
26219582,1,1,0
26219601,1,0,0
26219914,0,0,0
26219982,1,0,0
26221249,1,1,0
26221547,0,0,0
26221573,1,0,0
26221714,1,0,0
26222030,1,1,0
26223112,1,0,0
26223143,1,1,0
26223146,1,0,0
26223182,1,0,0
26223382,1,1,0
26223532,0,1,0
26224009,0,1,0
26224112,0,0,0
26224117,1,0,0
26224182,0,0,0
26224879,1,1,0
26224954,0,1,0
26225097,0,0,0
26225100,0,1,0
26225209,1,1,0
26226253,0,1,0
26227329,1,1,0
26227358,1,0,0
26227568,1,1,0
26228653,0,0,0
26228881,0,1,0
26228922,1,1,0
26229120,0,1,0
26229161,0,0,0
26229885,0,1,0
26229976,1,0,0
26242131,1,1,0
26242195,1,1,0
26242779,0,0,0
26242789,1,0,0
26243006,0,0,0
26243035,1,0,0
26243238,1,1,0
26247428,1,0,0
26250213,1,1,0
26250370,0,0,0
26250680,1,1,0
26250814,0,1,0
26250889,0,0,0
26250929,0,0,0
26251176,0,0,0
26251586,0,1,0
26252027,1,1,0
26252115,1,0,0
26252152,1,0,0
26253056,0,1,0
26253221,1,0,0
26253232,0,1,0
26253574,1,1,0
26253989,1,0,1
26254873,1,1,0
26255903,1,0,1
26256348,1,0,0
26256416,0,0,0
26258882,1,0,1
26259429,1,0,1
26260026,1,0,0
26260467,1,1,0
26262563,0,0,0
26262568,1,0,0
26267702,1,1,0
26272818,1,0,0
26273575,1,0,0
26274386,1,0,0
26274847,0,0,0
26275351,1,0,0
26276577,0,0,0
26278192,1,0,0
26278339,1,0,0
26279567,1,0,0
26283740,1,1,0
26284477,0,0,0
26286238,1,0,0
26286787,0,0,0
26287128,0,1,0
26287989,0,0,0
26288097,1,0,0
26288259,1,0,0
26290347,1,1,0
26290538,0,0,0
26291301,0,0,0
26293837,0,0,0
26295301,1,0,0
26297292,0,0,0
26297879,0,0,0
26299448,1,0,0
26300993,1,0,0
26301572,0,0,0
26301717,0,0,0
26301982,0,0,0
26303436,0,1,0
26310662,0,0,0
26312420,1,0,0
26313701,0,0,0
26314147,1,1,0
26315299,0,0,0
26319092,0,1,0
26319733,1,0,0
26320189,0,0,0
26321369,0,0,0
26323370,0,0,0
26324539,0,0,0
26326187,0,1,0
26328958,1,0,0
26332789,0,1,0
26332931,0,1,0
26333783,0,1,0
26334927,1,1,0
26338099,0,1,0
26338318,0,0,0
26339447,0,0,0
26341409,0,1,0
26347149,0,1,0
26348076,1,0,0
26349182,1,0,0
26350557,0,0,0
26350730,0,1,0
26351823,0,1,0
26353734,0,0,0
26356388,1,0,0
26363858,0,0,0
26364860,1,0,0
26366703,1,0,0
26367125,1,0,0
26368906,0,0,0
26369285,0,0,0
26370930,1,0,0
26371601,0,0,0
26373638,1,0,0
26374286,1,1,0
26375050,1,0,0
26376701,1,1,0
26380336,1,1,0
26380358,1,0,0
26380539,0,0,0
26380965,1,0,0
26381440,1,1,0
26381614,0,1,0
26383059,1,1,0
26383086,0,0,0
26383510,1,0,0
26383534,1,0,0
26384317,0,1,0
26384409,1,1,0
26384647,0,0,0
26384769,1,0,0
26385178,1,1,0
26385574,0,0,0
26385610,0,0,0
26385815,0,1,0
26385838,0,1,0
26385865,0,1,0
26385894,0,1,0
26385967,1,1,0
26386137,1,0,0
26386324,0,0,0
26386793,0,0,0
26387104,1,1,0
26387125,1,0,0
26387181,1,0,0
26387223,1,0,0
26387266,1,0,0
26387338,1,0,0
26387484,1,0,0
26387521,0,0,0
26387535,1,1,0
26388484,1,0,0
26388714,1,1,0
26388809,1,1,0
26388943,0,1,0
26388986,0,1,0
26389322,0,0,0
26389479,0,1,0
26390119,0,1,0
26390208,0,1,0
26390214,0,1,0
26390225,0,1,0
26390268,0,1,0
26390452,1,0,0
26390496,0,0,0
26390525,0,1,0
26391383,0,0,0
26391421,0,1,0
26391681,0,0,0
26391771,0,0,0
26392005,0,0,0
26392106,1,0,0
26392110,1,0,0
26392129,1,0,0
26392591,0,0,0
26392822,1,0,0
26392828,0,0,0
26392955,1,0,0
26393140,0,1,0
26393407,0,1,0
26393425,1,0,0
26393700,0,1,0
26393702,1,0,0
26393821,0,0,0
26394115,0,0,0
26394647,1,0,0
26394656,1,1,0
26394673,0,1,0
26394724,0,0,0
26395325,0,0,0
26396135,0,0,0
26396370,0,0,0
26396466,0,0,0
26396780,0,1,0
26396870,0,0,0
26397101,0,1,0
26397245,1,1,0
26397441,1,0,0
26397493,1,1,0
26397889,1,0,0
26398468,1,1,0
26398850,1,1,0
26399054,1,1,0
26399074,0,1,0
26399183,0,1,0
26399193,1,0,0
26399231,1,0,0
26399422,1,0,0
26399763,0,1,0
26399842,1,0,0
26400029,1,1,0
26400054,0,1,0
26400192,0,1,0
26400452,1,0,0
26400754,0,0,0
26400995,1,0,0
26401023,1,1,0
26401182,0,1,0
26401214,0,1,0
26401336,0,1,0
26401472,1,0,0
26401481,0,0,0
26401653,1,0,0
26401668,1,1,0
26402079,1,1,0
26402087,0,1,0
26402208,0,0,0
26402210,0,1,0
26402251,1,1,0
26402283,1,1,0
26402441,1,0,0
26402458,0,0,0
26402502,1,0,0
26403968,1,0,0
26404245,1,1,0
26404275,0,1,0
26404675,0,1,0
26404848,1,0,0
26404857,1,1,0
26404979,1,1,0
26405033,0,0,0
26405281,1,1,0
26405315,1,0,0
26405320,1,1,0
26405507,0,0,0
26405509,0,1,0
26405688,1,1,0
26406150,1,1,0
26406259,1,0,0
26406472,1,0,0
26406998,0,1,0
26407126,0,1,0
26407145,0,0,0
26407190,0,0,0
26407371,0,0,0
26407392,0,1,0
26407917,0,1,0
26408138,1,0,0
26408318,1,0,0
26408372,1,0,0
26408390,0,0,0
26409218,0,1,0
26409620,1,0,0
26410087,1,1,0
26410461,1,0,0
26410534,0,1,0
26410610,0,1,0
26410634,1,1,0
26410647,1,0,0
26410820,1,0,0
26410939,1,0,0
26411122,1,0,0
26411439,1,1,0
26412046,1,0,0
26412066,0,1,0
26412118,0,1,0
26412509,1,0,0
26412525,1,0,0
26412583,1,1,0
26412667,0,1,0
26412846,1,0,0
26413038,0,1,0
26413109,0,0,0
26413204,1,0,0
26413217,1,1,0
26413291,1,1,0
26413318,1,0,0
26413368,1,0,0
26413536,0,0,0
26413575,0,1,0
26413937,1,0,0
26413944,1,0,0
26414252,1,0,0
26414401,1,0,0
26414403,0,1,0
26414607,0,1,0
26414784,1,1,0
26415095,1,0,0
26415201,0,0,0
26415337,0,1,0
26415406,0,0,0
26415579,0,1,0
26415814,1,1,0
26415860,1,1,0
26415884,1,1,0
26416421,0,0,0
26416483,0,0,0
26416568,0,0,0
26416582,0,0,0
26416593,0,1,0
26416723,1,0,0
26416730,0,0,0
26417095,0,0,0
26417805,1,1,0
26417921,0,0,0
26417987,0,1,0
26418085,1,1,0
26418224,0,1,0
26418233,1,1,0
26418657,1,1,0
26418740,1,1,0
26419484,1,0,0
26419688,0,1,0
26419814,0,0,0
26420039,1,0,0
26420243,0,1,0
26420408,0,0,0
26420647,0,1,0
26420811,1,1,0
26420922,0,1,0
26421091,0,1,0
26421133,1,1,0
26421300,1,1,0
26421313,1,1,0
26421503,0,0,0
26421623,0,0,0
26421979,0,1,0
26422082,1,0,0
26423075,1,0,0
26423370,1,0,0
26423794,0,0,0
26424129,1,1,0
26424253,1,0,0
26424331,1,1,0
26424689,1,1,0
26425110,1,1,0
26425281,0,0,0
26425705,0,0,0
26425828,0,1,0
26426029,0,0,0
26426481,0,0,0
26426633,1,0,0
26427324,1,0,0
26427350,0,0,0
26427427,1,0,0
26427795,0,1,0
26427951,1,0,0
26428070,1,0,0
26428344,1,1,0
26428391,0,0,0
26428572,0,1,0
26428754,1,0,0
26428926,1,0,0
26429176,1,0,0
26429204,1,1,0
26429338,0,1,0
26429981,0,0,0
26430142,1,1,0
26430230,0,1,0
26430234,0,0,0
26430262,1,0,0
26430374,0,0,0
26430441,1,1,0
26430454,1,0,0
26430466,0,0,0
26430682,0,1,0
26430700,0,0,0
26430864,0,0,0
26430903,1,1,0
26431015,0,0,0
26431173,1,1,0
26431623,1,1,0
26431806,0,0,0
26432109,1,0,0
26432339,1,1,0
26432667,0,0,0
26433230,0,0,0
26433244,0,1,0
26433354,0,0,0
26433450,0,1,0
26433486,1,0,0
26433581,1,1,0
26433937,0,1,0
26433967,1,0,0
26434075,1,0,0
26434453,0,1,0
26434539,1,0,0
26434701,1,0,0
26434743,1,0,0
26434805,1,0,0
26434931,0,0,0
26435163,1,0,0
26435312,1,0,0
26435474,1,0,0
26435511,0,0,0
26435685,0,1,0
26435686,1,1,0
26435706,0,1,0
26435808,0,1,0
26436309,0,0,0
26436388,1,1,0
26436616,1,0,0
26437292,0,1,0
26437438,1,0,0
26437794,1,1,0
26437805,0,1,0
26437874,1,1,0
26437967,1,1,0
26438036,1,0,0
26438575,0,1,0
26438700,0,0,0
26438704,0,0,0
26438851,0,0,0
26438968,0,1,0
26439503,1,0,0
26439546,1,1,0
26439848,0,0,0
26440010,1,1,0
26440013,0,0,0
26440413,0,1,0
26440438,0,1,0
26440652,0,1,0
26440664,1,0,0
26440682,0,0,0
26440909,0,1,0
26441305,1,1,0
26441368,0,1,0
26441397,1,0,0
26441476,0,0,0
26441513,1,0,0
26441914,1,0,0
26441932,1,1,0
26441937,0,1,0
26441962,1,1,0
26441967,1,1,0
26442485,1,0,0
26442517,0,0,0
26443107,0,0,0
26443305,0,0,0
26443616,1,0,0
26443645,1,1,0
26443919,1,1,0
26443997,1,1,0
26444039,1,1,0
26444108,0,0,0
26444275,0,1,0
26444341,1,1,0
26444399,1,1,0
26444571,0,1,0
26445037,0,0,0
26445200,1,1,0
26445382,1,0,0
26445486,1,0,0
26445585,1,0,0
26445678,0,0,0
26445716,1,0,0
26445750,0,0,0
26445825,1,1,0
26446092,1,0,0
26446385,0,0,0
26446612,1,1,0
26446628,0,0,0
26446875,0,1,0
26446985,1,1,0
26447459,0,0,0
26447650,1,0,0
26447668,0,0,0
26448190,1,1,0
26448603,0,0,0
26448982,1,0,0
26449413,0,1,0
26449474,1,0,0
26449930,0,0,0
26450137,1,0,0
26450691,1,0,0
26450851,1,0,0
26451439,0,1,0
26451460,1,0,0
26451514,1,1,0
26451538,0,0,0
26451905,1,0,0
26451979,0,0,0
26457429,0,0,0
26459175,1,1,0
26459528,1,1,0
26460247,0,1,0
26460522,1,1,0
26462815,1,0,0
26462955,0,0,0
26463116,1,0,0
26498495,0,1,0
26499437,1,0,0
26499507,1,1,0
26499569,0,0,0
26499612,1,0,0
26499641,0,0,0
26499857,0,0,0
26500047,0,0,0
26500104,0,0,0
26500131,1,1,0
26500503,0,1,0
26500703,0,0,0
26500850,0,0,0
26500957,0,1,0
26501133,1,1,0
26501665,1,1,0
26501993,0,1,0
26501994,1,1,0
26502308,1,0,0
26502800,0,0,0
26502929,1,1,0
26503472,1,0,0
26503507,1,1,0
26504000,1,1,0
26504830,1,1,0
26504914,0,1,0
26505088,1,1,0
26505152,1,1,0
26505491,0,1,0
26505760,0,0,0
26505787,0,1,0
26505807,0,0,0
26505870,1,0,0
26506530,1,1,0
26506841,1,0,0
26506990,1,1,0
26507183,1,1,0
26507847,1,1,0
26508492,0,0,0
26509020,0,0,0
26509984,1,1,0
26510631,0,1,0
26510795,0,1,0
26510951,0,1,0
26511158,0,1,0
26511240,1,1,0
26511354,1,1,0
26511384,1,1,0
26512426,1,1,0
26512545,1,0,0
26512692,1,0,0
26512806,1,0,0
26512914,0,1,0
26513783,1,0,0
26513870,0,1,0
26514064,1,0,0
26514274,0,0,0
26514383,0,1,0
26514402,0,1,0
26514463,1,1,0
26514473,0,1,0
26514708,1,0,0
26514903,0,1,0
26515041,0,0,0
26515296,0,1,0
26515599,0,1,0
26516151,0,1,0
26516211,1,0,0
26517053,1,0,0
26517133,0,1,0
26517167,1,1,0
26517182,0,0,0
26517312,0,0,0
26517894,1,0,0
26518008,0,1,0
26518196,0,1,0
26518542,0,0,0
26518592,1,1,0
26518617,0,0,0
26518825,1,1,0
26518990,1,0,0
26519000,0,1,0
26519178,1,0,0
26519310,0,0,0
26519793,0,1,0
26520055,0,0,0
26520613,0,1,0
26520635,0,0,0
26520992,1,0,0
26521410,0,0,0
26521509,0,1,0
26522366,0,0,0
26522982,0,0,0
26523088,1,0,0
26523105,1,0,0
26523310,1,0,0
26523358,1,0,0
26523613,1,0,0
26524134,0,0,0
26528415,0,0,0
26529628,1,1,0
26529891,0,0,0
26530186,0,1,0
26531012,0,0,0
26532486,1,0,0
26532499,1,0,0
26534452,1,0,0
26534670,0,1,0
26540265,1,1,0
26541287,0,1,0
26542148,0,1,1
26542653,1,1,0
26543744,0,0,0
26544711,1,1,0
26545283,0,0,0
26546290,1,0,0
26547678,0,1,0
26549255,1,0,0
26551490,0,0,0
26551650,0,0,0
26555138,1,0,0
26556690,1,0,0
26558864,1,0,0
26559292,1,0,0
26560566,0,0,0
26563113,1,0,0
26563477,0,0,0
26563557,1,0,0
26565927,0,0,0
26566491,1,0,0
26567109,1,0,0
26567182,0,0,0
26568424,0,1,0
26568512,0,0,0
26568938,1,1,0
26571130,1,0,0
26571152,1,0,0
26571556,1,0,0
26573418,1,0,0
26574096,0,0,0
26577741,1,0,0
26578004,1,0,0
26578233,0,0,0
26578346,0,0,0
26580408,1,1,0
26580467,1,0,0
26581638,0,1,0
26581784,0,1,0
26582103,1,0,0
26582390,0,1,0
26582527,1,1,0
26582829,0,1,0
26583132,0,0,0
26583657,0,0,0
26584745,1,0,0
26585334,1,1,0
26585458,0,1,0
26586759,1,0,0
26586814,0,0,0
26587118,0,0,0
26588018,1,1,0
26588614,1,1,0
26589008,0,0,0
26589436,0,1,0
26589593,0,0,0
26590253,0,0,0
26590858,0,1,0
26591256,1,0,0
26591674,1,0,0
26592021,0,1,0
26592902,0,0,0
26593257,0,0,0
26593395,0,0,0
26593551,0,0,0
26593924,1,1,0
26593925,0,1,0
26594492,0,0,0
26594789,0,1,0
26595211,0,1,0
26596168,0,1,0
26596392,1,1,0
26596580,1,0,0
26597067,1,0,0
26597365,1,1,0
26597367,1,1,0
26597429,1,1,0
26598080,1,0,0
26598613,0,0,0
26598806,0,0,0
26600049,1,1,0
26600426,0,0,0
26601607,1,1,0
26601945,0,0,0
26602011,0,0,0
26602358,0,0,0
26602393,0,0,0
26602975,1,1,0
26603095,0,0,0
26610609,1,1,0
26619046,0,0,0
26620293,0,0,0
26622249,0,0,0
26622564,1,1,0
26622976,1,1,0
26624262,0,0,0
26625992,1,0,0
26628329,0,1,0
26632657,1,1,0
26633256,0,0,0
26635268,0,1,0
26639387,0,1,0
26639783,0,1,0
26641601,0,1,0
26641974,1,0,0
26641996,0,1,0
26644199,0,0,0
26644811,1,0,0
26645073,1,1,0
26645101,0,0,0
26647320,0,0,0
26647620,1,1,0
26647859,1,1,0
26647978,1,1,0
26650682,1,0,0
26651841,0,0,0
26655112,0,0,0
26656733,0,0,0
26657968,0,1,0
26659024,0,1,0
26659449,0,0,0
26661252,1,1,0
26661693,1,1,0
26662684,0,0,0
26662937,0,0,0
26663715,0,1,0
26663824,1,1,0
26664161,0,0,0
26664501,0,0,0
26665125,1,0,0
26666052,1,0,0
26666215,0,0,0
26666419,0,0,0
26667971,1,0,0
26672226,0,0,0
26672380,1,1,0
26674152,0,1,0
26675042,1,0,0
26675132,1,0,0
26675798,0,1,0
26676069,0,0,0
26676574,1,1,0
26680538,0,0,0
26682386,1,1,0
26682628,0,0,0
26682700,1,0,0
26683553,1,1,0
26684196,1,0,0
26685658,0,0,0
26688160,1,0,0
26688185,0,0,0
26690787,1,0,0
26691369,1,1,0
26691567,1,1,0
26692109,0,1,0
26695399,0,1,0
26696173,0,0,0
26697355,0,0,0
26697411,0,0,0
26703114,1,1,0
26703262,0,0,0
26708070,0,0,0
26708210,0,0,0
26713618,1,0,0
26713949,0,0,0
26715814,0,0,0
26716531,1,1,0
26718115,1,1,0
26718696,0,1,0
26721856,1,0,0
26724015,1,0,0
26724067,1,1,0
26724646,1,1,0
26725652,1,0,0
26730832,0,0,0
26732020,1,0,0
26733562,1,0,0
26735081,0,0,0
26735315,1,0,0
26735862,0,1,0
26737320,1,1,0
26737719,0,0,0
26739096,0,1,0
26741231,0,0,0
26741680,1,1,0
26744100,1,1,0
26747266,0,0,0
26748868,1,1,0
26748920,0,0,0
26749943,1,0,0
26751704,1,1,0
26752229,1,1,0
26753308,0,0,0
26754068,1,1,0
26756299,1,1,0
26756721,1,0,0
26758365,0,0,0
26758687,1,1,0
26759546,0,0,0
26759766,1,1,0
26761266,1,0,0
26766348,1,0,0
26766827,1,0,0
26767992,1,0,0
26768345,1,0,0
26770067,1,0,0
26771100,0,1,0
26771289,1,0,0
26773382,0,0,0
26774033,1,0,0
26774726,0,1,0
26776407,0,1,0
26777798,0,0,0
26778372,1,0,0
26778723,1,0,0
26780007,1,1,0
26782154,0,1,0
26783357,0,0,0
26783475,0,0,0
26785451,0,0,0
26786563,1,0,0
26788022,1,0,0
26788172,0,1,0
26789988,1,1,0
26790033,0,1,0
26793507,1,1,0
26794780,0,1,0
26795399,0,1,0
26800180,1,1,0
26800238,0,1,0
26801016,1,0,0
26801669,0,0,0
26801969,1,0,0
26805610,0,1,0
26806132,0,1,0
26806552,1,0,0
26811610,0,0,0
26812407,0,0,0
26813034,1,1,0
26814468,0,0,0
26814482,0,0,0
26814960,1,1,0
26815769,0,0,0
26816058,1,0,0
26816146,0,1,0
26817517,0,1,0
26817911,1,1,0
26819220,1,0,0
26823336,1,1,0
26823698,0,1,0
26824788,1,0,0
26825300,1,1,0
26825330,0,0,0
26827813,0,0,0
26828733,1,0,0
26830199,1,1,0
26831020,0,0,0
26832111,1,1,0
26832704,1,0,0
26833823,1,0,0
26834980,0,0,0
26837234,1,1,0
26842056,1,0,0
26842589,0,0,0
26844563,0,0,0
26845689,1,1,0
26846909,1,1,0
26848377,0,1,0
26848511,1,1,0
26849549,0,0,0
26850187,0,1,0
26850755,1,1,0
26851646,1,0,0
26851652,1,0,0
26853296,0,0,0
26856806,1,0,0
26858319,1,0,0
26859271,0,1,0
26863847,1,0,0
26863981,0,0,0
26865480,0,0,0
26865596,0,1,0
26865861,1,0,0
26867993,1,0,0
26868709,1,1,0
26870088,1,0,0
26870302,0,0,0
26870489,0,0,0
26871114,0,0,0
26874046,1,0,0
26874099,1,1,0
26875740,0,0,0
26875870,0,1,0
26878532,1,1,0
26879671,1,0,0
26879980,0,1,0
26882140,1,1,0
26883654,1,0,0
26883979,0,0,0
26883995,0,0,0
26884302,0,1,0
26884355,1,1,0
26886785,0,1,0
26887211,0,1,0
26887716,1,0,0
26888053,0,0,0
26889007,1,0,0
26890715,1,0,0
26892356,1,1,0
26892847,0,0,0
26893724,1,0,0
26894932,1,0,0
26895468,1,0,0
26897410,1,0,0
26898236,0,1,0
26898882,0,1,0
26899207,0,1,0
26900635,0,0,0
26905540,0,1,0
26906803,1,0,0
26908256,1,1,0
26910827,1,0,0
26912417,0,1,0
26913451,0,0,0
26913557,1,1,0
26914455,0,0,0
26928913,0,1,0
26928945,1,1,0
26930239,0,0,0
26932484,1,0,0
26932724,1,1,0
26933589,0,0,0
26934154,0,0,0
26935287,0,1,0
26937130,0,1,0
26937591,0,1,0
26940126,1,1,0
26942219,0,0,0
26944900,0,0,0
26945278,0,0,0
26946650,0,0,0
26947487,0,0,0
26964420,0,0,0
26966396,1,1,0
26967979,0,1,0
26969398,0,0,0
26981135,0,0,0
26981435,0,1,0
26983680,1,0,0
26989026,1,0,0
26989193,1,0,0
26989405,0,0,0
26989563,1,1,0
26990799,0,1,0
26990868,1,1,0
26991378,0,0,0
26991935,1,0,0
26991950,1,0,0
26992118,1,1,0
26992284,0,0,0
26992751,1,0,0
26993046,1,1,0
26993049,0,1,0
26993234,0,0,0
26993627,1,1,0
26994150,0,0,0
26996291,1,1,0
26997193,1,1,0
26997362,0,1,0
26998131,0,0,0
26999646,1,0,0
27000317,1,1,0
27001291,1,0,0
27001292,1,0,0
27001791,1,1,0
27001886,1,1,0
27002662,0,1,0
27002902,1,1,0
27003430,1,0,0
27003493,1,1,0
27004061,1,0,0
27004516,0,0,0
27004583,0,1,0
27005008,0,1,0
27005261,1,0,0
27006143,1,1,0
27006756,0,1,0
27006857,1,1,0
27006884,1,0,0
27006911,1,1,0
27007014,0,0,0
27007102,0,1,0
27007595,1,0,0
27008303,0,1,0
27008589,1,0,0
27009159,0,1,0
27009618,1,0,0
27009876,0,0,0
27010181,0,0,0
27010324,0,1,0
27010389,0,0,0
27010887,0,1,0
27010923,1,1,0
27011221,1,1,0
27011651,1,1,0
27011671,0,0,0
27011969,0,1,0
27012214,1,1,0
27012465,0,0,0
27012469,0,0,0
27012823,1,0,0
27012965,0,1,0
27013134,0,0,0
27013136,1,0,0
27013218,1,0,0
27013763,0,1,0
27013790,0,1,0
27015545,0,0,0
27015696,0,0,0
27015829,0,1,0
27015967,0,1,0
27016196,1,0,0
27016453,1,0,0
27017279,1,0,0
27017626,1,0,0
27017746,1,1,0
27017943,0,1,0
27018156,0,0,0
27018307,1,1,0
27018334,0,0,0
27019360,1,0,0
27020508,0,1,0
27020778,1,0,0
27021161,1,0,0
27021566,0,0,0
27021721,0,1,0
27022110,1,1,0
27022185,1,1,0
27022401,1,0,0
27023286,0,0,0
27024876,1,0,0
27024933,1,1,0
27025250,0,1,0
27025853,0,0,0
27027718,1,0,0
27028021,0,0,0
27028235,1,1,0
27028797,1,1,0
27029166,0,0,0
27029298,0,0,0
27029350,0,1,0
27029390,1,0,0
27029506,1,0,0
27029557,1,1,0
27029782,0,0,0
27030080,1,0,0
27030552,1,1,0
27031035,0,1,0
27031038,1,0,0
27031210,1,1,0
27032001,1,1,0
27032628,0,1,0
27032707,0,1,0
27033062,0,1,0
27033106,0,1,0
27033183,0,1,0
27033188,1,1,0
27033605,1,1,0
27034533,1,1,0
27035286,0,0,0
27035523,1,1,0
27035802,1,1,0
27035924,1,1,0
27036221,0,0,0
27037080,1,0,0
27037473,0,0,0
27038079,0,0,0
27038587,1,0,0
27038931,1,0,0
27039682,1,0,0
27039742,1,1,0
27039852,1,0,0
27040131,1,1,0
27040204,0,1,0
27040419,1,1,0
27040495,0,1,0
27040535,0,0,0
27041144,0,1,0
27041300,0,1,0
27042240,1,1,0
27042640,1,0,0
27042967,0,0,0
27043385,1,0,0
27044433,1,0,0
27044456,1,0,0
27044905,0,1,0
27045220,0,0,0
27045870,0,0,0
27045966,0,1,0
27046536,0,1,0
27048212,1,0,0
27048616,1,1,0
27048833,1,0,0
27048856,0,1,0
27048886,0,1,0
27049488,0,1,0
27049508,0,1,0
27051159,0,1,0
27051512,0,1,0
27051791,0,1,0
27052219,0,1,0
27053483,0,1,0
27053494,1,1,0
27053569,1,0,0
27053888,0,0,0
27054122,1,1,0
27054617,1,1,0
27054627,0,0,0
27054859,1,1,0
27055587,1,1,0
27056290,0,1,0
27056368,0,0,0
27075614,0,0,0
27076546,0,0,0
27077267,1,0,0
27078370,0,0,0
27079156,1,1,0
27079429,0,1,0
27081306,0,0,0
27081587,0,1,0
27093143,0,0,0
27093598,0,0,0
27093736,1,0,0
27097265,0,1,0
27097647,0,0,0
27097687,1,1,0
27098424,0,1,0
27101692,1,1,0
27102189,1,1,0
27102660,1,0,0
27103176,1,0,0
27104328,1,0,0
27105223,0,0,0
27105240,1,1,0
27105345,0,1,0
27105783,1,0,0
27105994,0,1,0
27106602,1,1,0
27110808,1,0,0
27110960,1,1,0
27111939,1,1,0
27111952,1,1,0
27111972,1,0,0
27112153,0,0,0
27112207,1,0,0
27112331,1,0,0
27115183,1,1,0
27115647,0,0,0
27115852,0,1,0
27116178,0,0,0
27116262,0,1,0
27117115,1,1,0
27117585,1,1,0
27117699,0,1,0
27118887,1,0,0
27118890,1,1,0
27122531,0,0,1
27122802,0,1,0
27123000,1,0,0
27123631,0,0,0
27126872,0,0,0
27127114,0,1,0
27130861,1,0,0
27134281,1,1,0
27134459,0,0,0
27134587,0,0,1
27140654,0,0,0
27144411,1,0,0
27146184,0,0,0
27149403,1,0,0
27150908,0,1,0
27157246,0,0,0
27157268,0,1,0
27157775,0,1,0
27157961,0,1,0
27158668,1,1,0
27159500,0,0,0
27159768,0,1,0
27159899,1,1,0
27163441,0,1,0
27164864,0,1,0
27166954,1,0,0
27168636,1,1,0
27170604,1,1,0
27170957,1,1,0
27171448,0,0,0
27171594,0,1,0
27171804,1,1,0
27171898,1,1,0
27172192,1,0,0
27181178,0,0,0
27183385,0,0,0
27185491,0,0,0
27187679,0,0,0
27188467,1,0,0
27192843,1,1,0
27193624,0,0,0
27193650,0,0,0
27194629,0,0,0
27194659,0,0,0
27196098,0,1,0
27196635,0,0,0
27196973,1,0,0
27197841,0,1,0
27199832,0,0,0
27200639,0,0,0
27200996,0,1,0
27203681,1,0,0
27204427,1,0,0
27205383,0,1,0
27205722,1,0,0
27206756,1,1,0
27208087,1,0,0
27212356,0,0,0
27213012,0,0,0
27213779,0,0,0
27219631,1,0,0
27220486,1,0,0
27220657,1,0,0
27221976,0,1,0
27222685,0,0,0
27228570,0,1,0
27230737,0,0,0
27232259,1,0,0
27233302,0,0,0
27235069,1,0,0
27240193,1,1,0
27241349,0,0,0
27242326,1,0,0
27247194,0,0,0
27248652,0,0,0
27251743,1,0,0
27331851,0,1,0
27332619,1,0,0
27335149,0,0,0
27335744,0,1,0
27336882,0,0,0
27337962,1,1,0
27340093,0,0,0
27340980,1,0,0
27342413,0,0,0
27344714,1,0,0
27345971,0,1,0
27347823,1,1,0
27348208,0,0,0
27348375,0,0,0
27348464,1,1,0
27350304,0,1,0
27352032,1,0,0
27352302,1,0,0
27353573,0,1,0
27356273,0,0,0
27356562,0,1,0
27358626,1,1,0
27358931,1,1,0
27363891,1,1,0
27364342,1,1,0
27366319,0,0,0
27366712,1,0,0
27368063,1,1,0
27368909,1,0,0
27371876,0,1,0
27372026,1,1,0
27372038,1,1,0
27374088,1,0,0
27374526,1,0,0
27374788,1,1,0
27376246,1,1,0
27376819,0,1,0
27376829,0,0,0
27378769,0,0,0
27379064,1,0,0
27379529,1,0,0
27380426,0,1,0
27380693,0,1,0
27382004,0,0,0
27382271,0,0,0
27383527,1,1,0
27383601,1,1,0
27387965,1,0,0
27388129,0,0,0
27388597,0,0,0
27393852,1,1,0
27395508,0,0,0
27395594,0,0,0
27396117,0,0,0
27396698,0,1,0
27397030,0,1,0
27400087,1,0,0
27400538,0,0,0
27401088,1,1,0
27401953,0,0,0
27404242,0,1,0
27404489,1,1,0
27409864,0,0,0
27410725,0,0,0
27412733,0,1,0
27414029,0,0,0
27416986,0,0,0
27417208,1,0,0
27417596,0,1,0
27417765,1,0,0
27417936,0,1,0
27418231,0,0,0
27422639,1,0,0
27423076,0,1,0
27423500,0,0,0
27424056,0,0,0
27427442,1,1,0
27430069,0,0,0
27430385,1,0,0
27430948,0,0,0
27431474,1,0,0
27431954,1,0,0
27432155,0,0,0
27432171,0,0,0
27432318,1,0,0
27432325,0,0,0
27432575,1,0,0
27472198,0,0,0
27482740,1,0,0
27485974,1,0,0
27490911,1,0,0
27508300,1,1,0
27513521,1,0,0
27514300,0,1,0
27518529,0,0,0
27527074,1,0,0
27529458,1,0,0
27529724,0,0,0
27532782,0,0,0
27539894,0,0,0
27543307,1,0,0
27548006,1,1,0
27548370,1,0,0
27572993,1,1,0
27575075,0,1,0
27575783,1,1,0
27576248,0,0,0
27580381,0,0,0
27584168,0,0,0
27584697,0,0,0
27585227,1,1,0
27588055,1,0,0
27620899,1,0,0
27620942,0,0,0
27621016,0,1,0
27621386,0,1,0
27621616,0,0,0
27621737,0,1,0
27621746,0,0,0
27621755,1,0,0
27621954,0,1,0
27621996,1,0,0
27622031,1,0,0
27622090,1,0,0
27622211,1,0,0
27622217,0,0,0
27622677,1,0,0
27622993,1,1,0
27623109,1,1,0
27623169,0,1,0
27623303,1,1,0
27623576,1,0,0
27623977,0,0,0
27624071,1,0,0
27624353,0,0,0
27624508,1,0,0
27624747,0,0,0
27624799,1,1,0
27625063,1,0,0
27625087,0,0,0
27625092,0,0,0
27625135,1,0,0
27625340,1,0,0
27625567,1,1,0
27625586,0,1,0
27625589,1,0,0
27625817,1,1,0
27625930,1,1,0
27626235,0,0,0
27626245,0,1,0
27626442,1,0,0
27626817,1,0,0
27626920,1,0,0
27627180,1,1,0
27627199,1,0,0
27627351,0,0,0
27627411,0,1,0
27627470,1,0,0
27627910,0,1,0
27629151,0,1,0
27629224,1,0,0
27629490,1,1,0
27629714,0,1,0
27630221,0,0,0
27630365,0,0,0
27630588,1,1,0
27630988,0,1,0
27631040,1,1,0
27631374,1,0,0
27631539,1,0,0
27631898,0,1,0
27632281,1,1,0
27632535,1,0,0
27632773,1,0,0
27633090,0,0,0
27633128,0,0,0
27633288,0,1,0
27633641,1,0,0
27633718,1,0,0
27634172,1,0,0
27634266,1,1,0
27634914,1,0,0
27635207,0,0,0
27635577,1,0,0
27635666,1,0,0
27635741,1,1,0
27635826,1,0,0
27636245,1,0,0
27636746,0,0,0
27636957,1,0,0
